district_id,district_name,ac_id,ac_name,ps_id,ps_name,doc_type,source_url,local_path,status,error
1,COOCHBEHAR,1,Mekliganj,1,Chhat Dhulia Baldiahati Aided Primary School,asd,https://voters.eci.gov.in/eroll/asd/2025/s25/1/uncollectable_elector_report_ac1_part1.pdf,data\raw\ceowestbengal\asd_sir\asd\1_coochbehar\001_mekliganj\uncollectable_elector_report_ac1_part1.pdf,downloaded,
1,COOCHBEHAR,1,Mekliganj,2,Tarun S. S. K,asd,https://voters.eci.gov.in/eroll/asd/2025/s25/1/uncollectable_elector_report_ac1_part2.pdf,data\raw\ceowestbengal\asd_sir\asd\1_coochbehar\001_mekliganj\uncollectable_elector_report_ac1_part2.pdf,downloaded,
1,COOCHBEHAR,1,Mekliganj,3,142 Kamat Changrabandha Fifth Plan Primary School,asd,https://voters.eci.gov.in/eroll/asd/2025/s25/1/uncollectable_elector_report_ac1_part3.pdf,data\raw\ceowestbengal\asd_sir\asd\1_coochbehar\001_mekliganj\uncollectable_elector_report_ac1_part3.pdf,downloaded,
1,COOCHBEHAR,1,Mekliganj,5,Alokjhari High School,asd,https://voters.eci.gov.in/eroll/asd/2025/s25/1/uncollectable_elector_report_ac1_part5.pdf,data\raw\ceowestbengal\asd_sir\asd\1_coochbehar\001_mekliganj\uncollectable_elector_report_ac1_part5.pdf,downloaded,
1,COOCHBEHAR,1,Mekliganj,2,Tarun S. S. K,asd,https://voters.eci.gov.in/eroll/asd/2025/s25/1/uncollectable_elector_report_ac1_part2.pdf,data\raw\ceowestbengal\asd_sir\asd\1_coochbehar\001_mekliganj\uncollectable_elector_report_ac1_part2.pdf,skipped,
1,COOCHBEHAR,1,Mekliganj,1,Chhat Dhulia Baldiahati Aided Primary School,asd,https://voters.eci.gov.in/eroll/asd/2025/s25/1/uncollectable_elector_report_ac1_part1.pdf,data\raw\ceowestbengal\asd_sir\asd\1_coochbehar\001_mekliganj\uncollectable_elector_report_ac1_part1.pdf,skipped,
1,COOCHBEHAR,1,Mekliganj,2,Tarun S. S. K,mom,https://voters.eci.gov.in/eroll/bloblamom/s25/1/bloblamom_a1p2.pdf,data\raw\ceowestbengal\asd_sir\mom\1_coochbehar\001_mekliganj\bloblamom_a1p2.pdf,failed,HTTP Error 503: Service Unavailable
1,COOCHBEHAR,1,Mekliganj,4,Vivekananda S. S. K,asd,https://voters.eci.gov.in/eroll/asd/2025/s25/1/uncollectable_elector_report_ac1_part4.pdf,data\raw\ceowestbengal\asd_sir\asd\1_coochbehar\001_mekliganj\uncollectable_elector_report_ac1_part4.pdf,failed,HTTP Error 503: Service Unavailable
1,COOCHBEHAR,1,Mekliganj,3,142 Kamat Changrabandha Fifth Plan Primary School,asd,https://voters.eci.gov.in/eroll/asd/2025/s25/1/uncollectable_elector_report_ac1_part3.pdf,data\raw\ceowestbengal\asd_sir\asd\1_coochbehar\001_mekliganj\uncollectable_elector_report_ac1_part3.pdf,skipped,
1,COOCHBEHAR,1,Mekliganj,5,Alokjhari High School,mom,https://voters.eci.gov.in/eroll/bloblamom/s25/1/bloblamom_a1p5.pdf,data\raw\ceowestbengal\asd_sir\mom\1_coochbehar\001_mekliganj\bloblamom_a1p5.pdf,failed,HTTP Error 503: Service Unavailable
1,COOCHBEHAR,1,Mekliganj,6,Alokjhari Netaji Primary School,asd,https://voters.eci.gov.in/eroll/asd/2025/s25/1/uncollectable_elector_report_ac1_part6.pdf,data\raw\ceowestbengal\asd_sir\asd\1_coochbehar\001_mekliganj\uncollectable_elector_report_ac1_part6.pdf,downloaded,
1,COOCHBEHAR,1,Mekliganj,7,Uttar Hemkumari Aided Primary School,mom,https://voters.eci.gov.in/eroll/bloblamom/s25/1/bloblamom_a1p7.pdf,data\raw\ceowestbengal\asd_sir\mom\1_coochbehar\001_mekliganj\bloblamom_a1p7.pdf,failed,HTTP Error 503: Service Unavailable
1,COOCHBEHAR,1,Mekliganj,7,Uttar Hemkumari Aided Primary School,asd,https://voters.eci.gov.in/eroll/asd/2025/s25/1/uncollectable_elector_report_ac1_part7.pdf,data\raw\ceowestbengal\asd_sir\asd\1_coochbehar\001_mekliganj\uncollectable_elector_report_ac1_part7.pdf,downloaded,
1,COOCHBEHAR,1,Mekliganj,8,Boknabandha Aided Primary School (First Phase),mom,https://voters.eci.gov.in/eroll/bloblamom/s25/1/bloblamom_a1p8.pdf,data\raw\ceowestbengal\asd_sir\mom\1_coochbehar\001_mekliganj\bloblamom_a1p8.pdf,failed,HTTP Error 503: Service Unavailable
1,COOCHBEHAR,1,Mekliganj,8,Boknabandha Aided Primary School (First Phase),asd,https://voters.eci.gov.in/eroll/asd/2025/s25/1/uncollectable_elector_report_ac1_part8.pdf,data\raw\ceowestbengal\asd_sir\asd\1_coochbehar\001_mekliganj\uncollectable_elector_report_ac1_part8.pdf,failed,HTTP Error 503: Service Unavailable
1,COOCHBEHAR,1,Mekliganj,9,139 Boknabandha Sukanta S.S.K.,asd,https://voters.eci.gov.in/eroll/asd/2025/s25/1/uncollectable_elector_report_ac1_part9.pdf,data\raw\ceowestbengal\asd_sir\asd\1_coochbehar\001_mekliganj\uncollectable_elector_report_ac1_part9.pdf,failed,HTTP Error 503: Service Unavailable
1,COOCHBEHAR,1,Mekliganj,6,Alokjhari Netaji Primary School,mom,https://voters.eci.gov.in/eroll/bloblamom/s25/1/bloblamom_a1p6.pdf,data\raw\ceowestbengal\asd_sir\mom\1_coochbehar\001_mekliganj\bloblamom_a1p6.pdf,downloaded,
1,COOCHBEHAR,1,Mekliganj,3,142 Kamat Changrabandha Fifth Plan Primary School,mom,https://voters.eci.gov.in/eroll/bloblamom/s25/1/bloblamom_a1p3.pdf,data\raw\ceowestbengal\asd_sir\mom\1_coochbehar\001_mekliganj\bloblamom_a1p3.pdf,downloaded,
1,COOCHBEHAR,1,Mekliganj,4,Vivekananda S. S. K,mom,https://voters.eci.gov.in/eroll/bloblamom/s25/1/bloblamom_a1p4.pdf,data\raw\ceowestbengal\asd_sir\mom\1_coochbehar\001_mekliganj\bloblamom_a1p4.pdf,downloaded,
1,COOCHBEHAR,1,Mekliganj,10,Shoulmari First Phase Aided Primary School,mom,https://voters.eci.gov.in/eroll/bloblamom/s25/1/bloblamom_a1p10.pdf,data\raw\ceowestbengal\asd_sir\mom\1_coochbehar\001_mekliganj\bloblamom_a1p10.pdf,failed,HTTP Error 503: Service Unavailable
1,COOCHBEHAR,1,Mekliganj,10,Shoulmari First Phase Aided Primary School,asd,https://voters.eci.gov.in/eroll/asd/2025/s25/1/uncollectable_elector_report_ac1_part10.pdf,data\raw\ceowestbengal\asd_sir\asd\1_coochbehar\001_mekliganj\uncollectable_elector_report_ac1_part10.pdf,downloaded,
1,COOCHBEHAR,1,Mekliganj,11,183 Shoulmari Netaji Subhas M. S. K.,asd,https://voters.eci.gov.in/eroll/asd/2025/s25/1/uncollectable_elector_report_ac1_part11.pdf,data\raw\ceowestbengal\asd_sir\asd\1_coochbehar\001_mekliganj\uncollectable_elector_report_ac1_part11.pdf,downloaded,
1,COOCHBEHAR,1,Mekliganj,12,Shoulmari High School,asd,https://voters.eci.gov.in/eroll/asd/2025/s25/1/uncollectable_elector_report_ac1_part12.pdf,data\raw\ceowestbengal\asd_sir\asd\1_coochbehar\001_mekliganj\uncollectable_elector_report_ac1_part12.pdf,failed,HTTP Error 503: Service Unavailable
1,COOCHBEHAR,1,Mekliganj,13,Prasadiram Primary School,asd,https://voters.eci.gov.in/eroll/asd/2025/s25/1/uncollectable_elector_report_ac1_part13.pdf,data\raw\ceowestbengal\asd_sir\asd\1_coochbehar\001_mekliganj\uncollectable_elector_report_ac1_part13.pdf,failed,HTTP Error 503: Service Unavailable
1,COOCHBEHAR,1,Mekliganj,11,183 Shoulmari Netaji Subhas M. S. K.,mom,https://voters.eci.gov.in/eroll/bloblamom/s25/1/bloblamom_a1p11.pdf,data\raw\ceowestbengal\asd_sir\mom\1_coochbehar\001_mekliganj\bloblamom_a1p11.pdf,failed,HTTP Error 503: Service Unavailable
1,COOCHBEHAR,1,Mekliganj,14,Sarohati New Primary School,asd,https://voters.eci.gov.in/eroll/asd/2025/s25/1/uncollectable_elector_report_ac1_part14.pdf,data\raw\ceowestbengal\asd_sir\asd\1_coochbehar\001_mekliganj\uncollectable_elector_report_ac1_part14.pdf,downloaded,
1,COOCHBEHAR,1,Mekliganj,15,Kamalananda Giri Fourth Plan Primary School,asd,https://voters.eci.gov.in/eroll/asd/2025/s25/1/uncollectable_elector_report_ac1_part15.pdf,data\raw\ceowestbengal\asd_sir\asd\1_coochbehar\001_mekliganj\uncollectable_elector_report_ac1_part15.pdf,downloaded,
1,COOCHBEHAR,1,Mekliganj,14,Sarohati New Primary School,mom,https://voters.eci.gov.in/eroll/bloblamom/s25/1/bloblamom_a1p14.pdf,data\raw\ceowestbengal\asd_sir\mom\1_coochbehar\001_mekliganj\bloblamom_a1p14.pdf,failed,HTTP Error 503: Service Unavailable
1,COOCHBEHAR,1,Mekliganj,9,139 Boknabandha Sukanta S.S.K.,mom,https://voters.eci.gov.in/eroll/bloblamom/s25/1/bloblamom_a1p9.pdf,data\raw\ceowestbengal\asd_sir\mom\1_coochbehar\001_mekliganj\bloblamom_a1p9.pdf,downloaded,
1,COOCHBEHAR,1,Mekliganj,12,Shoulmari High School,mom,https://voters.eci.gov.in/eroll/bloblamom/s25/1/bloblamom_a1p12.pdf,data\raw\ceowestbengal\asd_sir\mom\1_coochbehar\001_mekliganj\bloblamom_a1p12.pdf,downloaded,
1,COOCHBEHAR,1,Mekliganj,1,Chhat Dhulia Baldiahati Aided Primary School,mom,https://voters.eci.gov.in/eroll/bloblamom/s25/1/bloblamom_a1p1.pdf,data\raw\ceowestbengal\asd_sir\mom\1_coochbehar\001_mekliganj\bloblamom_a1p1.pdf,downloaded,
1,COOCHBEHAR,1,Mekliganj,17,174 Dhulia Khalisa Shishu Shiksha Kendra,asd,https://voters.eci.gov.in/eroll/asd/2025/s25/1/uncollectable_elector_report_ac1_part17.pdf,data\raw\ceowestbengal\asd_sir\asd\1_coochbehar\001_mekliganj\uncollectable_elector_report_ac1_part17.pdf,downloaded,
1,COOCHBEHAR,1,Mekliganj,17,174 Dhulia Khalisa Shishu Shiksha Kendra,mom,https://voters.eci.gov.in/eroll/bloblamom/s25/1/bloblamom_a1p17.pdf,data\raw\ceowestbengal\asd_sir\mom\1_coochbehar\001_mekliganj\bloblamom_a1p17.pdf,failed,HTTP Error 503: Service Unavailable
1,COOCHBEHAR,1,Mekliganj,13,Prasadiram Primary School,mom,https://voters.eci.gov.in/eroll/bloblamom/s25/1/bloblamom_a1p13.pdf,data\raw\ceowestbengal\asd_sir\mom\1_coochbehar\001_mekliganj\bloblamom_a1p13.pdf,downloaded,
1,COOCHBEHAR,1,Mekliganj,18,Dhulia Hat A. P. School,asd,https://voters.eci.gov.in/eroll/asd/2025/s25/1/uncollectable_elector_report_ac1_part18.pdf,data\raw\ceowestbengal\asd_sir\asd\1_coochbehar\001_mekliganj\uncollectable_elector_report_ac1_part18.pdf,downloaded,
1,COOCHBEHAR,1,Mekliganj,19,Umakanta Shishu Vidyapith,asd,https://voters.eci.gov.in/eroll/asd/2025/s25/1/uncollectable_elector_report_ac1_part19.pdf,data\raw\ceowestbengal\asd_sir\asd\1_coochbehar\001_mekliganj\uncollectable_elector_report_ac1_part19.pdf,downloaded,
1,COOCHBEHAR,1,Mekliganj,20,Uchalpukuri Krishak Udyog High School,asd,https://voters.eci.gov.in/eroll/asd/2025/s25/1/uncollectable_elector_report_ac1_part20.pdf,data\raw\ceowestbengal\asd_sir\asd\1_coochbehar\001_mekliganj\uncollectable_elector_report_ac1_part20.pdf,downloaded,
1,COOCHBEHAR,1,Mekliganj,20,Uchalpukuri Krishak Udyog High School,mom,https://voters.eci.gov.in/eroll/bloblamom/s25/1/bloblamom_a1p20.pdf,data\raw\ceowestbengal\asd_sir\mom\1_coochbehar\001_mekliganj\bloblamom_a1p20.pdf,failed,HTTP Error 503: Service Unavailable
1,COOCHBEHAR,1,Mekliganj,15,Kamalananda Giri Fourth Plan Primary School,mom,https://voters.eci.gov.in/eroll/bloblamom/s25/1/bloblamom_a1p15.pdf,data\raw\ceowestbengal\asd_sir\mom\1_coochbehar\001_mekliganj\bloblamom_a1p15.pdf,downloaded,
1,COOCHBEHAR,1,Mekliganj,21,Chhat Jamaldah Golapchand Primary School,asd,https://voters.eci.gov.in/eroll/asd/2025/s25/1/uncollectable_elector_report_ac1_part21.pdf,data\raw\ceowestbengal\asd_sir\asd\1_coochbehar\001_mekliganj\uncollectable_elector_report_ac1_part21.pdf,downloaded,
1,COOCHBEHAR,1,Mekliganj,18,Dhulia Hat A. P. School,mom,https://voters.eci.gov.in/eroll/bloblamom/s25/1/bloblamom_a1p18.pdf,data\raw\ceowestbengal\asd_sir\mom\1_coochbehar\001_mekliganj\bloblamom_a1p18.pdf,downloaded,
1,COOCHBEHAR,1,Mekliganj,22,Dhulia Khalisa First Phase Aided Primary School,asd,https://voters.eci.gov.in/eroll/asd/2025/s25/1/uncollectable_elector_report_ac1_part22.pdf,data\raw\ceowestbengal\asd_sir\asd\1_coochbehar\001_mekliganj\uncollectable_elector_report_ac1_part22.pdf,downloaded,
1,COOCHBEHAR,1,Mekliganj,21,Chhat Jamaldah Golapchand Primary School,mom,https://voters.eci.gov.in/eroll/bloblamom/s25/1/bloblamom_a1p21.pdf,data\raw\ceowestbengal\asd_sir\mom\1_coochbehar\001_mekliganj\bloblamom_a1p21.pdf,downloaded,
1,COOCHBEHAR,1,Mekliganj,19,Umakanta Shishu Vidyapith,mom,https://voters.eci.gov.in/eroll/bloblamom/s25/1/bloblamom_a1p19.pdf,data\raw\ceowestbengal\asd_sir\mom\1_coochbehar\001_mekliganj\bloblamom_a1p19.pdf,downloaded,
1,COOCHBEHAR,1,Mekliganj,24,Dhulia Baldiahati I. C. D. S. Centre,asd,https://voters.eci.gov.in/eroll/asd/2025/s25/1/uncollectable_elector_report_ac1_part24.pdf,data\raw\ceowestbengal\asd_sir\asd\1_coochbehar\001_mekliganj\uncollectable_elector_report_ac1_part24.pdf,downloaded,
1,COOCHBEHAR,1,Mekliganj,16,168 Dhulia Baldiahati Karjipara 5th Plan Primary School,mom,https://voters.eci.gov.in/eroll/bloblamom/s25/1/bloblamom_a1p16.pdf,data\raw\ceowestbengal\asd_sir\mom\1_coochbehar\001_mekliganj\bloblamom_a1p16.pdf,downloaded,
1,COOCHBEHAR,1,Mekliganj,25,Chhat Dhulia Ramsundar S. C. Primary School,asd,https://voters.eci.gov.in/eroll/asd/2025/s25/1/uncollectable_elector_report_ac1_part25.pdf,data\raw\ceowestbengal\asd_sir\asd\1_coochbehar\001_mekliganj\uncollectable_elector_report_ac1_part25.pdf,failed,HTTP Error 503: Service Unavailable
1,COOCHBEHAR,1,Mekliganj,22,Dhulia Khalisa First Phase Aided Primary School,mom,https://voters.eci.gov.in/eroll/bloblamom/s25/1/bloblamom_a1p22.pdf,data\raw\ceowestbengal\asd_sir\mom\1_coochbehar\001_mekliganj\bloblamom_a1p22.pdf,downloaded,
1,COOCHBEHAR,1,Mekliganj,26,Chhat Dhulia Ramsundar S. C. Primary School,asd,https://voters.eci.gov.in/eroll/asd/2025/s25/1/uncollectable_elector_report_ac1_part26.pdf,data\raw\ceowestbengal\asd_sir\asd\1_coochbehar\001_mekliganj\uncollectable_elector_report_ac1_part26.pdf,downloaded,
1,COOCHBEHAR,1,Mekliganj,24,Dhulia Baldiahati I. C. D. S. Centre,mom,https://voters.eci.gov.in/eroll/bloblamom/s25/1/bloblamom_a1p24.pdf,data\raw\ceowestbengal\asd_sir\mom\1_coochbehar\001_mekliganj\bloblamom_a1p24.pdf,downloaded,
1,COOCHBEHAR,1,Mekliganj,27,Shaltali Aided Primary School,asd,https://voters.eci.gov.in/eroll/asd/2025/s25/1/uncollectable_elector_report_ac1_part27.pdf,data\raw\ceowestbengal\asd_sir\asd\1_coochbehar\001_mekliganj\uncollectable_elector_report_ac1_part27.pdf,downloaded,
1,COOCHBEHAR,1,Mekliganj,23,Dhulia Baldiahati Fourth Plan Primary School,mom,https://voters.eci.gov.in/eroll/bloblamom/s25/1/bloblamom_a1p23.pdf,data\raw\ceowestbengal\asd_sir\mom\1_coochbehar\001_mekliganj\bloblamom_a1p23.pdf,downloaded,
1,COOCHBEHAR,1,Mekliganj,16,168 Dhulia Baldiahati Karjipara 5th Plan Primary School,asd,https://voters.eci.gov.in/eroll/asd/2025/s25/1/uncollectable_elector_report_ac1_part16.pdf,data\raw\ceowestbengal\asd_sir\asd\1_coochbehar\001_mekliganj\uncollectable_elector_report_ac1_part16.pdf,downloaded,
1,COOCHBEHAR,1,Mekliganj,28,177 Dhulia Khalisa S. S. K,asd,https://voters.eci.gov.in/eroll/asd/2025/s25/1/uncollectable_elector_report_ac1_part28.pdf,data\raw\ceowestbengal\asd_sir\asd\1_coochbehar\001_mekliganj\uncollectable_elector_report_ac1_part28.pdf,downloaded,
1,COOCHBEHAR,1,Mekliganj,29,Uchalpukuri 3 No. Fourth Plan Primary School,asd,https://voters.eci.gov.in/eroll/asd/2025/s25/1/uncollectable_elector_report_ac1_part29.pdf,data\raw\ceowestbengal\asd_sir\asd\1_coochbehar\001_mekliganj\uncollectable_elector_report_ac1_part29.pdf,downloaded,
1,COOCHBEHAR,1,Mekliganj,23,Dhulia Baldiahati Fourth Plan Primary School,asd,https://voters.eci.gov.in/eroll/asd/2025/s25/1/uncollectable_elector_report_ac1_part23.pdf,data\raw\ceowestbengal\asd_sir\asd\1_coochbehar\001_mekliganj\uncollectable_elector_report_ac1_part23.pdf,downloaded,
1,COOCHBEHAR,1,Mekliganj,30,Uchalpukuri Aided Primary School,asd,https://voters.eci.gov.in/eroll/asd/2025/s25/1/uncollectable_elector_report_ac1_part30.pdf,data\raw\ceowestbengal\asd_sir\asd\1_coochbehar\001_mekliganj\uncollectable_elector_report_ac1_part30.pdf,downloaded,
1,COOCHBEHAR,1,Mekliganj,26,Chhat Dhulia Ramsundar S. C. Primary School,mom,https://voters.eci.gov.in/eroll/bloblamom/s25/1/bloblamom_a1p26.pdf,data\raw\ceowestbengal\asd_sir\mom\1_coochbehar\001_mekliganj\bloblamom_a1p26.pdf,downloaded,
1,COOCHBEHAR,1,Mekliganj,31,Uchalpukuri Aided Primary School,asd,https://voters.eci.gov.in/eroll/asd/2025/s25/1/uncollectable_elector_report_ac1_part31.pdf,data\raw\ceowestbengal\asd_sir\asd\1_coochbehar\001_mekliganj\uncollectable_elector_report_ac1_part31.pdf,downloaded,
1,COOCHBEHAR,1,Mekliganj,30,Uchalpukuri Aided Primary School,mom,https://voters.eci.gov.in/eroll/bloblamom/s25/1/bloblamom_a1p30.pdf,data\raw\ceowestbengal\asd_sir\mom\1_coochbehar\001_mekliganj\bloblamom_a1p30.pdf,downloaded,
1,COOCHBEHAR,1,Mekliganj,32,Uchalpukuri 2 No. S. C. Primary School,asd,https://voters.eci.gov.in/eroll/asd/2025/s25/1/uncollectable_elector_report_ac1_part32.pdf,data\raw\ceowestbengal\asd_sir\asd\1_coochbehar\001_mekliganj\uncollectable_elector_report_ac1_part32.pdf,downloaded,
1,COOCHBEHAR,1,Mekliganj,25,Chhat Dhulia Ramsundar S. C. Primary School,mom,https://voters.eci.gov.in/eroll/bloblamom/s25/1/bloblamom_a1p25.pdf,data\raw\ceowestbengal\asd_sir\mom\1_coochbehar\001_mekliganj\bloblamom_a1p25.pdf,downloaded,
1,COOCHBEHAR,1,Mekliganj,27,Shaltali Aided Primary School,mom,https://voters.eci.gov.in/eroll/bloblamom/s25/1/bloblamom_a1p27.pdf,data\raw\ceowestbengal\asd_sir\mom\1_coochbehar\001_mekliganj\bloblamom_a1p27.pdf,downloaded,
1,COOCHBEHAR,1,Mekliganj,33,Uchalpukuri 1No. Special Cadre Primary School,asd,https://voters.eci.gov.in/eroll/asd/2025/s25/1/uncollectable_elector_report_ac1_part33.pdf,data\raw\ceowestbengal\asd_sir\asd\1_coochbehar\001_mekliganj\uncollectable_elector_report_ac1_part33.pdf,downloaded,
1,COOCHBEHAR,1,Mekliganj,34,Charcharabari Fourth Plan Primary School,asd,https://voters.eci.gov.in/eroll/asd/2025/s25/1/uncollectable_elector_report_ac1_part34.pdf,data\raw\ceowestbengal\asd_sir\asd\1_coochbehar\001_mekliganj\uncollectable_elector_report_ac1_part34.pdf,downloaded,
1,COOCHBEHAR,1,Mekliganj,33,Uchalpukuri 1No. Special Cadre Primary School,mom,https://voters.eci.gov.in/eroll/bloblamom/s25/1/bloblamom_a1p33.pdf,data\raw\ceowestbengal\asd_sir\mom\1_coochbehar\001_mekliganj\bloblamom_a1p33.pdf,downloaded,
1,COOCHBEHAR,1,Mekliganj,35,Dhulia Uchalpukuri Fifth Plan Primary School,asd,https://voters.eci.gov.in/eroll/asd/2025/s25/1/uncollectable_elector_report_ac1_part35.pdf,data\raw\ceowestbengal\asd_sir\asd\1_coochbehar\001_mekliganj\uncollectable_elector_report_ac1_part35.pdf,downloaded,
1,COOCHBEHAR,1,Mekliganj,28,177 Dhulia Khalisa S. S. K,mom,https://voters.eci.gov.in/eroll/bloblamom/s25/1/bloblamom_a1p28.pdf,data\raw\ceowestbengal\asd_sir\mom\1_coochbehar\001_mekliganj\bloblamom_a1p28.pdf,downloaded,
1,COOCHBEHAR,1,Mekliganj,31,Uchalpukuri Aided Primary School,mom,https://voters.eci.gov.in/eroll/bloblamom/s25/1/bloblamom_a1p31.pdf,data\raw\ceowestbengal\asd_sir\mom\1_coochbehar\001_mekliganj\bloblamom_a1p31.pdf,downloaded,
1,COOCHBEHAR,1,Mekliganj,36,Kalia Memorial S. P. Primary School,asd,https://voters.eci.gov.in/eroll/asd/2025/s25/1/uncollectable_elector_report_ac1_part36.pdf,data\raw\ceowestbengal\asd_sir\asd\1_coochbehar\001_mekliganj\uncollectable_elector_report_ac1_part36.pdf,downloaded,
1,COOCHBEHAR,1,Mekliganj,29,Uchalpukuri 3 No. Fourth Plan Primary School,mom,https://voters.eci.gov.in/eroll/bloblamom/s25/1/bloblamom_a1p29.pdf,data\raw\ceowestbengal\asd_sir\mom\1_coochbehar\001_mekliganj\bloblamom_a1p29.pdf,downloaded,
1,COOCHBEHAR,1,Mekliganj,37,Balasir Ghat Aided Primary School,asd,https://voters.eci.gov.in/eroll/asd/2025/s25/1/uncollectable_elector_report_ac1_part37.pdf,data\raw\ceowestbengal\asd_sir\asd\1_coochbehar\001_mekliganj\uncollectable_elector_report_ac1_part37.pdf,downloaded,
1,COOCHBEHAR,1,Mekliganj,38,Balasir Ghat Aided Primary School,asd,https://voters.eci.gov.in/eroll/asd/2025/s25/1/uncollectable_elector_report_ac1_part38.pdf,data\raw\ceowestbengal\asd_sir\asd\1_coochbehar\001_mekliganj\uncollectable_elector_report_ac1_part38.pdf,downloaded,
1,COOCHBEHAR,1,Mekliganj,35,Dhulia Uchalpukuri Fifth Plan Primary School,mom,https://voters.eci.gov.in/eroll/bloblamom/s25/1/bloblamom_a1p35.pdf,data\raw\ceowestbengal\asd_sir\mom\1_coochbehar\001_mekliganj\bloblamom_a1p35.pdf,downloaded,
1,COOCHBEHAR,1,Mekliganj,39,Haranath Fourth Plan Primary School,asd,https://voters.eci.gov.in/eroll/asd/2025/s25/1/uncollectable_elector_report_ac1_part39.pdf,data\raw\ceowestbengal\asd_sir\asd\1_coochbehar\001_mekliganj\uncollectable_elector_report_ac1_part39.pdf,downloaded,
1,COOCHBEHAR,1,Mekliganj,36,Kalia Memorial S. P. Primary School,mom,https://voters.eci.gov.in/eroll/bloblamom/s25/1/bloblamom_a1p36.pdf,data\raw\ceowestbengal\asd_sir\mom\1_coochbehar\001_mekliganj\bloblamom_a1p36.pdf,downloaded,
1,COOCHBEHAR,1,Mekliganj,40,Patchhara Gopalpur C. S. Primary School,asd,https://voters.eci.gov.in/eroll/asd/2025/s25/1/uncollectable_elector_report_ac1_part40.pdf,data\raw\ceowestbengal\asd_sir\asd\1_coochbehar\001_mekliganj\uncollectable_elector_report_ac1_part40.pdf,downloaded,
1,COOCHBEHAR,1,Mekliganj,34,Charcharabari Fourth Plan Primary School,mom,https://voters.eci.gov.in/eroll/bloblamom/s25/1/bloblamom_a1p34.pdf,data\raw\ceowestbengal\asd_sir\mom\1_coochbehar\001_mekliganj\bloblamom_a1p34.pdf,downloaded,
1,COOCHBEHAR,1,Mekliganj,32,Uchalpukuri 2 No. S. C. Primary School,mom,https://voters.eci.gov.in/eroll/bloblamom/s25/1/bloblamom_a1p32.pdf,data\raw\ceowestbengal\asd_sir\mom\1_coochbehar\001_mekliganj\bloblamom_a1p32.pdf,downloaded,
1,COOCHBEHAR,1,Mekliganj,41,Thunkirjhar Govt. Primary School,asd,https://voters.eci.gov.in/eroll/asd/2025/s25/1/uncollectable_elector_report_ac1_part41.pdf,data\raw\ceowestbengal\asd_sir\asd\1_coochbehar\001_mekliganj\uncollectable_elector_report_ac1_part41.pdf,downloaded,
1,COOCHBEHAR,1,Mekliganj,42,Thunkirjhar Govt. Primary School,asd,https://voters.eci.gov.in/eroll/asd/2025/s25/1/uncollectable_elector_report_ac1_part42.pdf,data\raw\ceowestbengal\asd_sir\asd\1_coochbehar\001_mekliganj\uncollectable_elector_report_ac1_part42.pdf,downloaded,
1,COOCHBEHAR,1,Mekliganj,40,Patchhara Gopalpur C. S. Primary School,mom,https://voters.eci.gov.in/eroll/bloblamom/s25/1/bloblamom_a1p40.pdf,data\raw\ceowestbengal\asd_sir\mom\1_coochbehar\001_mekliganj\bloblamom_a1p40.pdf,downloaded,
1,COOCHBEHAR,1,Mekliganj,43,Kharija Gopalpur Fifth Plan Primary School,asd,https://voters.eci.gov.in/eroll/asd/2025/s25/1/uncollectable_elector_report_ac1_part43.pdf,data\raw\ceowestbengal\asd_sir\asd\1_coochbehar\001_mekliganj\uncollectable_elector_report_ac1_part43.pdf,downloaded,
1,COOCHBEHAR,1,Mekliganj,37,Balasir Ghat Aided Primary School,mom,https://voters.eci.gov.in/eroll/bloblamom/s25/1/bloblamom_a1p37.pdf,data\raw\ceowestbengal\asd_sir\mom\1_coochbehar\001_mekliganj\bloblamom_a1p37.pdf,downloaded,
1,COOCHBEHAR,1,Mekliganj,44,Kharija Jamaldah First Phase Aided Primary School,asd,https://voters.eci.gov.in/eroll/asd/2025/s25/1/uncollectable_elector_report_ac1_part44.pdf,data\raw\ceowestbengal\asd_sir\asd\1_coochbehar\001_mekliganj\uncollectable_elector_report_ac1_part44.pdf,downloaded,
1,COOCHBEHAR,1,Mekliganj,38,Balasir Ghat Aided Primary School,mom,https://voters.eci.gov.in/eroll/bloblamom/s25/1/bloblamom_a1p38.pdf,data\raw\ceowestbengal\asd_sir\mom\1_coochbehar\001_mekliganj\bloblamom_a1p38.pdf,downloaded,
1,COOCHBEHAR,1,Mekliganj,45,Kharija Jamaldah First Phase Aided Primary School,asd,https://voters.eci.gov.in/eroll/asd/2025/s25/1/uncollectable_elector_report_ac1_part45.pdf,data\raw\ceowestbengal\asd_sir\asd\1_coochbehar\001_mekliganj\uncollectable_elector_report_ac1_part45.pdf,downloaded,
1,COOCHBEHAR,1,Mekliganj,42,Thunkirjhar Govt. Primary School,mom,https://voters.eci.gov.in/eroll/bloblamom/s25/1/bloblamom_a1p42.pdf,data\raw\ceowestbengal\asd_sir\mom\1_coochbehar\001_mekliganj\bloblamom_a1p42.pdf,downloaded,
1,COOCHBEHAR,1,Mekliganj,45,Kharija Jamaldah First Phase Aided Primary School,mom,https://voters.eci.gov.in/eroll/bloblamom/s25/1/bloblamom_a1p45.pdf,data\raw\ceowestbengal\asd_sir\mom\1_coochbehar\001_mekliganj\bloblamom_a1p45.pdf,downloaded,
1,COOCHBEHAR,1,Mekliganj,46,Jamaldah 2No. New Primary School,asd,https://voters.eci.gov.in/eroll/asd/2025/s25/1/uncollectable_elector_report_ac1_part46.pdf,data\raw\ceowestbengal\asd_sir\asd\1_coochbehar\001_mekliganj\uncollectable_elector_report_ac1_part46.pdf,downloaded,
1,COOCHBEHAR,1,Mekliganj,47,Jamaldah Tulsidebi Higher Secondary School,asd,https://voters.eci.gov.in/eroll/asd/2025/s25/1/uncollectable_elector_report_ac1_part47.pdf,data\raw\ceowestbengal\asd_sir\asd\1_coochbehar\001_mekliganj\uncollectable_elector_report_ac1_part47.pdf,downloaded,
1,COOCHBEHAR,1,Mekliganj,43,Kharija Gopalpur Fifth Plan Primary School,mom,https://voters.eci.gov.in/eroll/bloblamom/s25/1/bloblamom_a1p43.pdf,data\raw\ceowestbengal\asd_sir\mom\1_coochbehar\001_mekliganj\bloblamom_a1p43.pdf,downloaded,
1,COOCHBEHAR,1,Mekliganj,48,New Jamaldah R. R. Primary School,asd,https://voters.eci.gov.in/eroll/asd/2025/s25/1/uncollectable_elector_report_ac1_part48.pdf,data\raw\ceowestbengal\asd_sir\asd\1_coochbehar\001_mekliganj\uncollectable_elector_report_ac1_part48.pdf,downloaded,
1,COOCHBEHAR,1,Mekliganj,41,Thunkirjhar Govt. Primary School,mom,https://voters.eci.gov.in/eroll/bloblamom/s25/1/bloblamom_a1p41.pdf,data\raw\ceowestbengal\asd_sir\mom\1_coochbehar\001_mekliganj\bloblamom_a1p41.pdf,downloaded,
1,COOCHBEHAR,1,Mekliganj,44,Kharija Jamaldah First Phase Aided Primary School,mom,https://voters.eci.gov.in/eroll/bloblamom/s25/1/bloblamom_a1p44.pdf,data\raw\ceowestbengal\asd_sir\mom\1_coochbehar\001_mekliganj\bloblamom_a1p44.pdf,downloaded,
1,COOCHBEHAR,1,Mekliganj,49,Dwarikamari 2No. Govt. Primary School,asd,https://voters.eci.gov.in/eroll/asd/2025/s25/1/uncollectable_elector_report_ac1_part49.pdf,data\raw\ceowestbengal\asd_sir\asd\1_coochbehar\001_mekliganj\uncollectable_elector_report_ac1_part49.pdf,downloaded,
1,COOCHBEHAR,1,Mekliganj,50,Dwarikamari Adarsha Primary School,asd,https://voters.eci.gov.in/eroll/asd/2025/s25/1/uncollectable_elector_report_ac1_part50.pdf,data\raw\ceowestbengal\asd_sir\asd\1_coochbehar\001_mekliganj\uncollectable_elector_report_ac1_part50.pdf,downloaded,
1,COOCHBEHAR,1,Mekliganj,48,New Jamaldah R. R. Primary School,mom,https://voters.eci.gov.in/eroll/bloblamom/s25/1/bloblamom_a1p48.pdf,data\raw\ceowestbengal\asd_sir\mom\1_coochbehar\001_mekliganj\bloblamom_a1p48.pdf,downloaded,
1,COOCHBEHAR,1,Mekliganj,47,Jamaldah Tulsidebi Higher Secondary School,mom,https://voters.eci.gov.in/eroll/bloblamom/s25/1/bloblamom_a1p47.pdf,data\raw\ceowestbengal\asd_sir\mom\1_coochbehar\001_mekliganj\bloblamom_a1p47.pdf,downloaded,
1,COOCHBEHAR,1,Mekliganj,51,Patchara Buraburi Aided Primary School,asd,https://voters.eci.gov.in/eroll/asd/2025/s25/1/uncollectable_elector_report_ac1_part51.pdf,data\raw\ceowestbengal\asd_sir\asd\1_coochbehar\001_mekliganj\uncollectable_elector_report_ac1_part51.pdf,downloaded,
1,COOCHBEHAR,1,Mekliganj,52,Barauni Haribasar Fourth Plan Primary School,asd,https://voters.eci.gov.in/eroll/asd/2025/s25/1/uncollectable_elector_report_ac1_part52.pdf,data\raw\ceowestbengal\asd_sir\asd\1_coochbehar\001_mekliganj\uncollectable_elector_report_ac1_part52.pdf,downloaded,
1,COOCHBEHAR,1,Mekliganj,51,Patchara Buraburi Aided Primary School,mom,https://voters.eci.gov.in/eroll/bloblamom/s25/1/bloblamom_a1p51.pdf,data\raw\ceowestbengal\asd_sir\mom\1_coochbehar\001_mekliganj\bloblamom_a1p51.pdf,downloaded,
1,COOCHBEHAR,1,Mekliganj,52,Barauni Haribasar Fourth Plan Primary School,mom,https://voters.eci.gov.in/eroll/bloblamom/s25/1/bloblamom_a1p52.pdf,data\raw\ceowestbengal\asd_sir\mom\1_coochbehar\001_mekliganj\bloblamom_a1p52.pdf,downloaded,
1,COOCHBEHAR,1,Mekliganj,53,Dwarikamari 1 No. Govt. Primary School,asd,https://voters.eci.gov.in/eroll/asd/2025/s25/1/uncollectable_elector_report_ac1_part53.pdf,data\raw\ceowestbengal\asd_sir\asd\1_coochbehar\001_mekliganj\uncollectable_elector_report_ac1_part53.pdf,downloaded,
1,COOCHBEHAR,1,Mekliganj,50,Dwarikamari Adarsha Primary School,mom,https://voters.eci.gov.in/eroll/bloblamom/s25/1/bloblamom_a1p50.pdf,data\raw\ceowestbengal\asd_sir\mom\1_coochbehar\001_mekliganj\bloblamom_a1p50.pdf,downloaded,
1,COOCHBEHAR,1,Mekliganj,54,Dwarikamari 1 No. Govt. Primary School,asd,https://voters.eci.gov.in/eroll/asd/2025/s25/1/uncollectable_elector_report_ac1_part54.pdf,data\raw\ceowestbengal\asd_sir\asd\1_coochbehar\001_mekliganj\uncollectable_elector_report_ac1_part54.pdf,downloaded,
1,COOCHBEHAR,1,Mekliganj,55,Jamaldah Junior Basic School,asd,https://voters.eci.gov.in/eroll/asd/2025/s25/1/uncollectable_elector_report_ac1_part55.pdf,data\raw\ceowestbengal\asd_sir\asd\1_coochbehar\001_mekliganj\uncollectable_elector_report_ac1_part55.pdf,downloaded,
1,COOCHBEHAR,1,Mekliganj,39,Haranath Fourth Plan Primary School,mom,https://voters.eci.gov.in/eroll/bloblamom/s25/1/bloblamom_a1p39.pdf,data\raw\ceowestbengal\asd_sir\mom\1_coochbehar\001_mekliganj\bloblamom_a1p39.pdf,downloaded,
1,COOCHBEHAR,1,Mekliganj,46,Jamaldah 2No. New Primary School,mom,https://voters.eci.gov.in/eroll/bloblamom/s25/1/bloblamom_a1p46.pdf,data\raw\ceowestbengal\asd_sir\mom\1_coochbehar\001_mekliganj\bloblamom_a1p46.pdf,downloaded,
1,COOCHBEHAR,1,Mekliganj,56,Jamaldah Junior Basic School,asd,https://voters.eci.gov.in/eroll/asd/2025/s25/1/uncollectable_elector_report_ac1_part56.pdf,data\raw\ceowestbengal\asd_sir\asd\1_coochbehar\001_mekliganj\uncollectable_elector_report_ac1_part56.pdf,downloaded,
1,COOCHBEHAR,1,Mekliganj,49,Dwarikamari 2No. Govt. Primary School,mom,https://voters.eci.gov.in/eroll/bloblamom/s25/1/bloblamom_a1p49.pdf,data\raw\ceowestbengal\asd_sir\mom\1_coochbehar\001_mekliganj\bloblamom_a1p49.pdf,downloaded,
1,COOCHBEHAR,1,Mekliganj,57,Jamaldah First Phase Aided Primary School,asd,https://voters.eci.gov.in/eroll/asd/2025/s25/1/uncollectable_elector_report_ac1_part57.pdf,data\raw\ceowestbengal\asd_sir\asd\1_coochbehar\001_mekliganj\uncollectable_elector_report_ac1_part57.pdf,downloaded,
1,COOCHBEHAR,1,Mekliganj,58,Doradabri Govt. Primary School,asd,https://voters.eci.gov.in/eroll/asd/2025/s25/1/uncollectable_elector_report_ac1_part58.pdf,data\raw\ceowestbengal\asd_sir\asd\1_coochbehar\001_mekliganj\uncollectable_elector_report_ac1_part58.pdf,downloaded,
1,COOCHBEHAR,1,Mekliganj,55,Jamaldah Junior Basic School,mom,https://voters.eci.gov.in/eroll/bloblamom/s25/1/bloblamom_a1p55.pdf,data\raw\ceowestbengal\asd_sir\mom\1_coochbehar\001_mekliganj\bloblamom_a1p55.pdf,downloaded,
1,COOCHBEHAR,1,Mekliganj,59,161 Doradabri Harimandir S. S. K,asd,https://voters.eci.gov.in/eroll/asd/2025/s25/1/uncollectable_elector_report_ac1_part59.pdf,data\raw\ceowestbengal\asd_sir\asd\1_coochbehar\001_mekliganj\uncollectable_elector_report_ac1_part59.pdf,downloaded,
1,COOCHBEHAR,1,Mekliganj,54,Dwarikamari 1 No. Govt. Primary School,mom,https://voters.eci.gov.in/eroll/bloblamom/s25/1/bloblamom_a1p54.pdf,data\raw\ceowestbengal\asd_sir\mom\1_coochbehar\001_mekliganj\bloblamom_a1p54.pdf,downloaded,
1,COOCHBEHAR,1,Mekliganj,53,Dwarikamari 1 No. Govt. Primary School,mom,https://voters.eci.gov.in/eroll/bloblamom/s25/1/bloblamom_a1p53.pdf,data\raw\ceowestbengal\asd_sir\mom\1_coochbehar\001_mekliganj\bloblamom_a1p53.pdf,downloaded,
1,COOCHBEHAR,1,Mekliganj,60,Chitiardanga Pallymangal Primary School,asd,https://voters.eci.gov.in/eroll/asd/2025/s25/1/uncollectable_elector_report_ac1_part60.pdf,data\raw\ceowestbengal\asd_sir\asd\1_coochbehar\001_mekliganj\uncollectable_elector_report_ac1_part60.pdf,downloaded,
1,COOCHBEHAR,1,Mekliganj,59,161 Doradabri Harimandir S. S. K,mom,https://voters.eci.gov.in/eroll/bloblamom/s25/1/bloblamom_a1p59.pdf,data\raw\ceowestbengal\asd_sir\mom\1_coochbehar\001_mekliganj\bloblamom_a1p59.pdf,downloaded,
1,COOCHBEHAR,1,Mekliganj,61,Jamaldaha Patowaribari S. S. K,asd,https://voters.eci.gov.in/eroll/asd/2025/s25/1/uncollectable_elector_report_ac1_part61.pdf,data\raw\ceowestbengal\asd_sir\asd\1_coochbehar\001_mekliganj\uncollectable_elector_report_ac1_part61.pdf,downloaded,
1,COOCHBEHAR,1,Mekliganj,62,Kamat Changrabandha State Plan Primary School,asd,https://voters.eci.gov.in/eroll/asd/2025/s25/1/uncollectable_elector_report_ac1_part62.pdf,data\raw\ceowestbengal\asd_sir\asd\1_coochbehar\001_mekliganj\uncollectable_elector_report_ac1_part62.pdf,downloaded,
1,COOCHBEHAR,1,Mekliganj,56,Jamaldah Junior Basic School,mom,https://voters.eci.gov.in/eroll/bloblamom/s25/1/bloblamom_a1p56.pdf,data\raw\ceowestbengal\asd_sir\mom\1_coochbehar\001_mekliganj\bloblamom_a1p56.pdf,downloaded,
1,COOCHBEHAR,1,Mekliganj,63,Kamat Changrabandha State Plan Primary School,asd,https://voters.eci.gov.in/eroll/asd/2025/s25/1/uncollectable_elector_report_ac1_part63.pdf,data\raw\ceowestbengal\asd_sir\asd\1_coochbehar\001_mekliganj\uncollectable_elector_report_ac1_part63.pdf,downloaded,
1,COOCHBEHAR,1,Mekliganj,62,Kamat Changrabandha State Plan Primary School,mom,https://voters.eci.gov.in/eroll/bloblamom/s25/1/bloblamom_a1p62.pdf,data\raw\ceowestbengal\asd_sir\mom\1_coochbehar\001_mekliganj\bloblamom_a1p62.pdf,downloaded,
1,COOCHBEHAR,1,Mekliganj,64,Boknabandha Netaji Fourth Plan Primary School,asd,https://voters.eci.gov.in/eroll/asd/2025/s25/1/uncollectable_elector_report_ac1_part64.pdf,data\raw\ceowestbengal\asd_sir\asd\1_coochbehar\001_mekliganj\uncollectable_elector_report_ac1_part64.pdf,downloaded,
1,COOCHBEHAR,1,Mekliganj,64,Boknabandha Netaji Fourth Plan Primary School,mom,https://voters.eci.gov.in/eroll/bloblamom/s25/1/bloblamom_a1p64.pdf,data\raw\ceowestbengal\asd_sir\mom\1_coochbehar\001_mekliganj\bloblamom_a1p64.pdf,downloaded,
1,COOCHBEHAR,1,Mekliganj,61,Jamaldaha Patowaribari S. S. K,mom,https://voters.eci.gov.in/eroll/bloblamom/s25/1/bloblamom_a1p61.pdf,data\raw\ceowestbengal\asd_sir\mom\1_coochbehar\001_mekliganj\bloblamom_a1p61.pdf,downloaded,
1,COOCHBEHAR,1,Mekliganj,65,Boknabandha Netaji Fourth Plan Primary School,asd,https://voters.eci.gov.in/eroll/asd/2025/s25/1/uncollectable_elector_report_ac1_part65.pdf,data\raw\ceowestbengal\asd_sir\asd\1_coochbehar\001_mekliganj\uncollectable_elector_report_ac1_part65.pdf,downloaded,
1,COOCHBEHAR,1,Mekliganj,57,Jamaldah First Phase Aided Primary School,mom,https://voters.eci.gov.in/eroll/bloblamom/s25/1/bloblamom_a1p57.pdf,data\raw\ceowestbengal\asd_sir\mom\1_coochbehar\001_mekliganj\bloblamom_a1p57.pdf,downloaded,
1,COOCHBEHAR,1,Mekliganj,66,Panishala Special Cadre Primary School,asd,https://voters.eci.gov.in/eroll/asd/2025/s25/1/uncollectable_elector_report_ac1_part66.pdf,data\raw\ceowestbengal\asd_sir\asd\1_coochbehar\001_mekliganj\uncollectable_elector_report_ac1_part66.pdf,downloaded,
1,COOCHBEHAR,1,Mekliganj,67,Netaji S. S. K.,asd,https://voters.eci.gov.in/eroll/asd/2025/s25/1/uncollectable_elector_report_ac1_part67.pdf,data\raw\ceowestbengal\asd_sir\asd\1_coochbehar\001_mekliganj\uncollectable_elector_report_ac1_part67.pdf,downloaded,
1,COOCHBEHAR,1,Mekliganj,66,Panishala Special Cadre Primary School,mom,https://voters.eci.gov.in/eroll/bloblamom/s25/1/bloblamom_a1p66.pdf,data\raw\ceowestbengal\asd_sir\mom\1_coochbehar\001_mekliganj\bloblamom_a1p66.pdf,downloaded,
1,COOCHBEHAR,1,Mekliganj,68,Kamat Changrabandha Junior Basic School,asd,https://voters.eci.gov.in/eroll/asd/2025/s25/1/uncollectable_elector_report_ac1_part68.pdf,data\raw\ceowestbengal\asd_sir\asd\1_coochbehar\001_mekliganj\uncollectable_elector_report_ac1_part68.pdf,downloaded,
1,COOCHBEHAR,1,Mekliganj,58,Doradabri Govt. Primary School,mom,https://voters.eci.gov.in/eroll/bloblamom/s25/1/bloblamom_a1p58.pdf,data\raw\ceowestbengal\asd_sir\mom\1_coochbehar\001_mekliganj\bloblamom_a1p58.pdf,downloaded,
1,COOCHBEHAR,1,Mekliganj,69,Taramohan Fifth Plan Primary School,asd,https://voters.eci.gov.in/eroll/asd/2025/s25/1/uncollectable_elector_report_ac1_part69.pdf,data\raw\ceowestbengal\asd_sir\asd\1_coochbehar\001_mekliganj\uncollectable_elector_report_ac1_part69.pdf,downloaded,
1,COOCHBEHAR,1,Mekliganj,63,Kamat Changrabandha State Plan Primary School,mom,https://voters.eci.gov.in/eroll/bloblamom/s25/1/bloblamom_a1p63.pdf,data\raw\ceowestbengal\asd_sir\mom\1_coochbehar\001_mekliganj\bloblamom_a1p63.pdf,downloaded,
1,COOCHBEHAR,1,Mekliganj,70,Kamat Changrabandha Fifth Plan Primary School (Near BDOs Office),asd,https://voters.eci.gov.in/eroll/asd/2025/s25/1/uncollectable_elector_report_ac1_part70.pdf,data\raw\ceowestbengal\asd_sir\asd\1_coochbehar\001_mekliganj\uncollectable_elector_report_ac1_part70.pdf,downloaded,
1,COOCHBEHAR,1,Mekliganj,65,Boknabandha Netaji Fourth Plan Primary School,mom,https://voters.eci.gov.in/eroll/bloblamom/s25/1/bloblamom_a1p65.pdf,data\raw\ceowestbengal\asd_sir\mom\1_coochbehar\001_mekliganj\bloblamom_a1p65.pdf,downloaded,
1,COOCHBEHAR,1,Mekliganj,71,Changrabandha Madrasah Ekramia Basarul Ulum Madrasah Shiksha Kendra,asd,https://voters.eci.gov.in/eroll/asd/2025/s25/1/uncollectable_elector_report_ac1_part71.pdf,data\raw\ceowestbengal\asd_sir\asd\1_coochbehar\001_mekliganj\uncollectable_elector_report_ac1_part71.pdf,downloaded,
1,COOCHBEHAR,1,Mekliganj,69,Taramohan Fifth Plan Primary School,mom,https://voters.eci.gov.in/eroll/bloblamom/s25/1/bloblamom_a1p69.pdf,data\raw\ceowestbengal\asd_sir\mom\1_coochbehar\001_mekliganj\bloblamom_a1p69.pdf,downloaded,
1,COOCHBEHAR,1,Mekliganj,68,Kamat Changrabandha Junior Basic School,mom,https://voters.eci.gov.in/eroll/bloblamom/s25/1/bloblamom_a1p68.pdf,data\raw\ceowestbengal\asd_sir\mom\1_coochbehar\001_mekliganj\bloblamom_a1p68.pdf,downloaded,
1,COOCHBEHAR,1,Mekliganj,60,Chitiardanga Pallymangal Primary School,mom,https://voters.eci.gov.in/eroll/bloblamom/s25/1/bloblamom_a1p60.pdf,data\raw\ceowestbengal\asd_sir\mom\1_coochbehar\001_mekliganj\bloblamom_a1p60.pdf,downloaded,
1,COOCHBEHAR,1,Mekliganj,73,Panishala Aided Primary School,asd,https://voters.eci.gov.in/eroll/asd/2025/s25/1/uncollectable_elector_report_ac1_part73.pdf,data\raw\ceowestbengal\asd_sir\asd\1_coochbehar\001_mekliganj\uncollectable_elector_report_ac1_part73.pdf,downloaded,
1,COOCHBEHAR,1,Mekliganj,73,Panishala Aided Primary School,mom,https://voters.eci.gov.in/eroll/bloblamom/s25/1/bloblamom_a1p73.pdf,data\raw\ceowestbengal\asd_sir\mom\1_coochbehar\001_mekliganj\bloblamom_a1p73.pdf,downloaded,
1,COOCHBEHAR,1,Mekliganj,72,141 Kamat Changrabandha Fifth Plan Primary School,asd,https://voters.eci.gov.in/eroll/asd/2025/s25/1/uncollectable_elector_report_ac1_part72.pdf,data\raw\ceowestbengal\asd_sir\asd\1_coochbehar\001_mekliganj\uncollectable_elector_report_ac1_part72.pdf,downloaded,
1,COOCHBEHAR,1,Mekliganj,71,Changrabandha Madrasah Ekramia Basarul Ulum Madrasah Shiksha Kendra,mom,https://voters.eci.gov.in/eroll/bloblamom/s25/1/bloblamom_a1p71.pdf,data\raw\ceowestbengal\asd_sir\mom\1_coochbehar\001_mekliganj\bloblamom_a1p71.pdf,downloaded,
1,COOCHBEHAR,1,Mekliganj,74,Changrabandha Junior Basic School,asd,https://voters.eci.gov.in/eroll/asd/2025/s25/1/uncollectable_elector_report_ac1_part74.pdf,data\raw\ceowestbengal\asd_sir\asd\1_coochbehar\001_mekliganj\uncollectable_elector_report_ac1_part74.pdf,downloaded,
1,COOCHBEHAR,1,Mekliganj,75,Changrabandha Junior Basic School,asd,https://voters.eci.gov.in/eroll/asd/2025/s25/1/uncollectable_elector_report_ac1_part75.pdf,data\raw\ceowestbengal\asd_sir\asd\1_coochbehar\001_mekliganj\uncollectable_elector_report_ac1_part75.pdf,downloaded,
1,COOCHBEHAR,1,Mekliganj,76,Gandhipathshala Junior Basic School,asd,https://voters.eci.gov.in/eroll/asd/2025/s25/1/uncollectable_elector_report_ac1_part76.pdf,data\raw\ceowestbengal\asd_sir\asd\1_coochbehar\001_mekliganj\uncollectable_elector_report_ac1_part76.pdf,downloaded,
1,COOCHBEHAR,1,Mekliganj,67,Netaji S. S. K.,mom,https://voters.eci.gov.in/eroll/bloblamom/s25/1/bloblamom_a1p67.pdf,data\raw\ceowestbengal\asd_sir\mom\1_coochbehar\001_mekliganj\bloblamom_a1p67.pdf,downloaded,
1,COOCHBEHAR,1,Mekliganj,75,Changrabandha Junior Basic School,mom,https://voters.eci.gov.in/eroll/bloblamom/s25/1/bloblamom_a1p75.pdf,data\raw\ceowestbengal\asd_sir\mom\1_coochbehar\001_mekliganj\bloblamom_a1p75.pdf,downloaded,
1,COOCHBEHAR,1,Mekliganj,77,Changrabandha Higher Secondary School,asd,https://voters.eci.gov.in/eroll/asd/2025/s25/1/uncollectable_elector_report_ac1_part77.pdf,data\raw\ceowestbengal\asd_sir\asd\1_coochbehar\001_mekliganj\uncollectable_elector_report_ac1_part77.pdf,downloaded,
1,COOCHBEHAR,1,Mekliganj,76,Gandhipathshala Junior Basic School,mom,https://voters.eci.gov.in/eroll/bloblamom/s25/1/bloblamom_a1p76.pdf,data\raw\ceowestbengal\asd_sir\mom\1_coochbehar\001_mekliganj\bloblamom_a1p76.pdf,downloaded,
1,COOCHBEHAR,1,Mekliganj,78,Changrabandha Higher Secondary School,asd,https://voters.eci.gov.in/eroll/asd/2025/s25/1/uncollectable_elector_report_ac1_part78.pdf,data\raw\ceowestbengal\asd_sir\asd\1_coochbehar\001_mekliganj\uncollectable_elector_report_ac1_part78.pdf,downloaded,
1,COOCHBEHAR,1,Mekliganj,72,141 Kamat Changrabandha Fifth Plan Primary School,mom,https://voters.eci.gov.in/eroll/bloblamom/s25/1/bloblamom_a1p72.pdf,data\raw\ceowestbengal\asd_sir\mom\1_coochbehar\001_mekliganj\bloblamom_a1p72.pdf,downloaded,
1,COOCHBEHAR,1,Mekliganj,79,Bhotbari S. C. Primary School,asd,https://voters.eci.gov.in/eroll/asd/2025/s25/1/uncollectable_elector_report_ac1_part79.pdf,data\raw\ceowestbengal\asd_sir\asd\1_coochbehar\001_mekliganj\uncollectable_elector_report_ac1_part79.pdf,downloaded,
1,COOCHBEHAR,1,Mekliganj,78,Changrabandha Higher Secondary School,mom,https://voters.eci.gov.in/eroll/bloblamom/s25/1/bloblamom_a1p78.pdf,data\raw\ceowestbengal\asd_sir\mom\1_coochbehar\001_mekliganj\bloblamom_a1p78.pdf,downloaded,
1,COOCHBEHAR,1,Mekliganj,80,151 Panishala Bhotbari Pachkatha S. S. K.,asd,https://voters.eci.gov.in/eroll/asd/2025/s25/1/uncollectable_elector_report_ac1_part80.pdf,data\raw\ceowestbengal\asd_sir\asd\1_coochbehar\001_mekliganj\uncollectable_elector_report_ac1_part80.pdf,downloaded,
1,COOCHBEHAR,1,Mekliganj,81,Bhotbari 2 No. A. P. School,asd,https://voters.eci.gov.in/eroll/asd/2025/s25/1/uncollectable_elector_report_ac1_part81.pdf,data\raw\ceowestbengal\asd_sir\asd\1_coochbehar\001_mekliganj\uncollectable_elector_report_ac1_part81.pdf,downloaded,
1,COOCHBEHAR,1,Mekliganj,74,Changrabandha Junior Basic School,mom,https://voters.eci.gov.in/eroll/bloblamom/s25/1/bloblamom_a1p74.pdf,data\raw\ceowestbengal\asd_sir\mom\1_coochbehar\001_mekliganj\bloblamom_a1p74.pdf,downloaded,
1,COOCHBEHAR,1,Mekliganj,82,Bhotbari 2 No. A. P. School,asd,https://voters.eci.gov.in/eroll/asd/2025/s25/1/uncollectable_elector_report_ac1_part82.pdf,data\raw\ceowestbengal\asd_sir\asd\1_coochbehar\001_mekliganj\uncollectable_elector_report_ac1_part82.pdf,downloaded,
1,COOCHBEHAR,1,Mekliganj,79,Bhotbari S. C. Primary School,mom,https://voters.eci.gov.in/eroll/bloblamom/s25/1/bloblamom_a1p79.pdf,data\raw\ceowestbengal\asd_sir\mom\1_coochbehar\001_mekliganj\bloblamom_a1p79.pdf,downloaded,
1,COOCHBEHAR,1,Mekliganj,77,Changrabandha Higher Secondary School,mom,https://voters.eci.gov.in/eroll/bloblamom/s25/1/bloblamom_a1p77.pdf,data\raw\ceowestbengal\asd_sir\mom\1_coochbehar\001_mekliganj\bloblamom_a1p77.pdf,downloaded,
1,COOCHBEHAR,1,Mekliganj,70,Kamat Changrabandha Fifth Plan Primary School (Near BDOs Office),mom,https://voters.eci.gov.in/eroll/bloblamom/s25/1/bloblamom_a1p70.pdf,data\raw\ceowestbengal\asd_sir\mom\1_coochbehar\001_mekliganj\bloblamom_a1p70.pdf,downloaded,
1,COOCHBEHAR,1,Mekliganj,83,Bhotbari 2 No. A. P. School,asd,https://voters.eci.gov.in/eroll/asd/2025/s25/1/uncollectable_elector_report_ac1_part83.pdf,data\raw\ceowestbengal\asd_sir\asd\1_coochbehar\001_mekliganj\uncollectable_elector_report_ac1_part83.pdf,downloaded,
1,COOCHBEHAR,1,Mekliganj,84,Bhaktibala Fourth Plan Primary School,asd,https://voters.eci.gov.in/eroll/asd/2025/s25/1/uncollectable_elector_report_ac1_part84.pdf,data\raw\ceowestbengal\asd_sir\asd\1_coochbehar\001_mekliganj\uncollectable_elector_report_ac1_part84.pdf,downloaded,
1,COOCHBEHAR,1,Mekliganj,85,Bhotbari S. P. Primary School,asd,https://voters.eci.gov.in/eroll/asd/2025/s25/1/uncollectable_elector_report_ac1_part85.pdf,data\raw\ceowestbengal\asd_sir\asd\1_coochbehar\001_mekliganj\uncollectable_elector_report_ac1_part85.pdf,downloaded,
1,COOCHBEHAR,1,Mekliganj,83,Bhotbari 2 No. A. P. School,mom,https://voters.eci.gov.in/eroll/bloblamom/s25/1/bloblamom_a1p83.pdf,data\raw\ceowestbengal\asd_sir\mom\1_coochbehar\001_mekliganj\bloblamom_a1p83.pdf,downloaded,
1,COOCHBEHAR,1,Mekliganj,86,147 Purba Bhotbari Basakertari Fifth Plan Primary School,asd,https://voters.eci.gov.in/eroll/asd/2025/s25/1/uncollectable_elector_report_ac1_part86.pdf,data\raw\ceowestbengal\asd_sir\asd\1_coochbehar\001_mekliganj\uncollectable_elector_report_ac1_part86.pdf,downloaded,
1,COOCHBEHAR,1,Mekliganj,81,Bhotbari 2 No. A. P. School,mom,https://voters.eci.gov.in/eroll/bloblamom/s25/1/bloblamom_a1p81.pdf,data\raw\ceowestbengal\asd_sir\mom\1_coochbehar\001_mekliganj\bloblamom_a1p81.pdf,downloaded,
1,COOCHBEHAR,1,Mekliganj,87,147 Bhotbari No. 3 Battala S. S. K.,asd,https://voters.eci.gov.in/eroll/asd/2025/s25/1/uncollectable_elector_report_ac1_part87.pdf,data\raw\ceowestbengal\asd_sir\asd\1_coochbehar\001_mekliganj\uncollectable_elector_report_ac1_part87.pdf,downloaded,
1,COOCHBEHAR,1,Mekliganj,84,Bhaktibala Fourth Plan Primary School,mom,https://voters.eci.gov.in/eroll/bloblamom/s25/1/bloblamom_a1p84.pdf,data\raw\ceowestbengal\asd_sir\mom\1_coochbehar\001_mekliganj\bloblamom_a1p84.pdf,downloaded,
1,COOCHBEHAR,1,Mekliganj,82,Bhotbari 2 No. A. P. School,mom,https://voters.eci.gov.in/eroll/bloblamom/s25/1/bloblamom_a1p82.pdf,data\raw\ceowestbengal\asd_sir\mom\1_coochbehar\001_mekliganj\bloblamom_a1p82.pdf,downloaded,
1,COOCHBEHAR,1,Mekliganj,88,Lothamari Aided Primary School (First Phase),asd,https://voters.eci.gov.in/eroll/asd/2025/s25/1/uncollectable_elector_report_ac1_part88.pdf,data\raw\ceowestbengal\asd_sir\asd\1_coochbehar\001_mekliganj\uncollectable_elector_report_ac1_part88.pdf,downloaded,
1,COOCHBEHAR,1,Mekliganj,89,147 Bhotbari I. C. D. S. Center,asd,https://voters.eci.gov.in/eroll/asd/2025/s25/1/uncollectable_elector_report_ac1_part89.pdf,data\raw\ceowestbengal\asd_sir\asd\1_coochbehar\001_mekliganj\uncollectable_elector_report_ac1_part89.pdf,downloaded,
1,COOCHBEHAR,1,Mekliganj,80,151 Panishala Bhotbari Pachkatha S. S. K.,mom,https://voters.eci.gov.in/eroll/bloblamom/s25/1/bloblamom_a1p80.pdf,data\raw\ceowestbengal\asd_sir\mom\1_coochbehar\001_mekliganj\bloblamom_a1p80.pdf,downloaded,
1,COOCHBEHAR,1,Mekliganj,85,Bhotbari S. P. Primary School,mom,https://voters.eci.gov.in/eroll/bloblamom/s25/1/bloblamom_a1p85.pdf,data\raw\ceowestbengal\asd_sir\mom\1_coochbehar\001_mekliganj\bloblamom_a1p85.pdf,downloaded,
1,COOCHBEHAR,1,Mekliganj,90,Uttar Niztaraf Aided Primary School,asd,https://voters.eci.gov.in/eroll/asd/2025/s25/1/uncollectable_elector_report_ac1_part90.pdf,data\raw\ceowestbengal\asd_sir\asd\1_coochbehar\001_mekliganj\uncollectable_elector_report_ac1_part90.pdf,downloaded,
1,COOCHBEHAR,1,Mekliganj,91,40 Niztaraf Fifth Plan Primary School,asd,https://voters.eci.gov.in/eroll/asd/2025/s25/1/uncollectable_elector_report_ac1_part91.pdf,data\raw\ceowestbengal\asd_sir\asd\1_coochbehar\001_mekliganj\uncollectable_elector_report_ac1_part91.pdf,downloaded,
1,COOCHBEHAR,1,Mekliganj,89,147 Bhotbari I. C. D. S. Center,mom,https://voters.eci.gov.in/eroll/bloblamom/s25/1/bloblamom_a1p89.pdf,data\raw\ceowestbengal\asd_sir\mom\1_coochbehar\001_mekliganj\bloblamom_a1p89.pdf,downloaded,
1,COOCHBEHAR,1,Mekliganj,92,40 Niztaraf Fifth Plan Primary School,asd,https://voters.eci.gov.in/eroll/asd/2025/s25/1/uncollectable_elector_report_ac1_part92.pdf,data\raw\ceowestbengal\asd_sir\asd\1_coochbehar\001_mekliganj\uncollectable_elector_report_ac1_part92.pdf,downloaded,
1,COOCHBEHAR,1,Mekliganj,87,147 Bhotbari No. 3 Battala S. S. K.,mom,https://voters.eci.gov.in/eroll/bloblamom/s25/1/bloblamom_a1p87.pdf,data\raw\ceowestbengal\asd_sir\mom\1_coochbehar\001_mekliganj\bloblamom_a1p87.pdf,downloaded,
1,COOCHBEHAR,1,Mekliganj,86,147 Purba Bhotbari Basakertari Fifth Plan Primary School,mom,https://voters.eci.gov.in/eroll/bloblamom/s25/1/bloblamom_a1p86.pdf,data\raw\ceowestbengal\asd_sir\mom\1_coochbehar\001_mekliganj\bloblamom_a1p86.pdf,downloaded,
1,COOCHBEHAR,1,Mekliganj,93,Rup Singh Fourth Plan Primary School,asd,https://voters.eci.gov.in/eroll/asd/2025/s25/1/uncollectable_elector_report_ac1_part93.pdf,data\raw\ceowestbengal\asd_sir\asd\1_coochbehar\001_mekliganj\uncollectable_elector_report_ac1_part93.pdf,downloaded,
1,COOCHBEHAR,1,Mekliganj,94,Kalyan Kumari A. P. School,asd,https://voters.eci.gov.in/eroll/asd/2025/s25/1/uncollectable_elector_report_ac1_part94.pdf,data\raw\ceowestbengal\asd_sir\asd\1_coochbehar\001_mekliganj\uncollectable_elector_report_ac1_part94.pdf,downloaded,
1,COOCHBEHAR,1,Mekliganj,91,40 Niztaraf Fifth Plan Primary School,mom,https://voters.eci.gov.in/eroll/bloblamom/s25/1/bloblamom_a1p91.pdf,data\raw\ceowestbengal\asd_sir\mom\1_coochbehar\001_mekliganj\bloblamom_a1p91.pdf,downloaded,
1,COOCHBEHAR,1,Mekliganj,95,Mekhliganj College,asd,https://voters.eci.gov.in/eroll/asd/2025/s25/1/uncollectable_elector_report_ac1_part95.pdf,data\raw\ceowestbengal\asd_sir\asd\1_coochbehar\001_mekliganj\uncollectable_elector_report_ac1_part95.pdf,downloaded,
1,COOCHBEHAR,1,Mekliganj,88,Lothamari Aided Primary School (First Phase),mom,https://voters.eci.gov.in/eroll/bloblamom/s25/1/bloblamom_a1p88.pdf,data\raw\ceowestbengal\asd_sir\mom\1_coochbehar\001_mekliganj\bloblamom_a1p88.pdf,downloaded,
1,COOCHBEHAR,1,Mekliganj,95,Mekhliganj College,mom,https://voters.eci.gov.in/eroll/bloblamom/s25/1/bloblamom_a1p95.pdf,data\raw\ceowestbengal\asd_sir\mom\1_coochbehar\001_mekliganj\bloblamom_a1p95.pdf,downloaded,
1,COOCHBEHAR,1,Mekliganj,96,Joyhari Aided Primary School,asd,https://voters.eci.gov.in/eroll/asd/2025/s25/1/uncollectable_elector_report_ac1_part96.pdf,data\raw\ceowestbengal\asd_sir\asd\1_coochbehar\001_mekliganj\uncollectable_elector_report_ac1_part96.pdf,downloaded,
1,COOCHBEHAR,1,Mekliganj,90,Uttar Niztaraf Aided Primary School,mom,https://voters.eci.gov.in/eroll/bloblamom/s25/1/bloblamom_a1p90.pdf,data\raw\ceowestbengal\asd_sir\mom\1_coochbehar\001_mekliganj\bloblamom_a1p90.pdf,downloaded,
1,COOCHBEHAR,1,Mekliganj,97,72 Niztaraf Fifth Plan Primary School,asd,https://voters.eci.gov.in/eroll/asd/2025/s25/1/uncollectable_elector_report_ac1_part97.pdf,data\raw\ceowestbengal\asd_sir\asd\1_coochbehar\001_mekliganj\uncollectable_elector_report_ac1_part97.pdf,downloaded,
1,COOCHBEHAR,1,Mekliganj,98,Paniyar Char 25 Payastee Anganwadi Centre,asd,https://voters.eci.gov.in/eroll/asd/2025/s25/1/uncollectable_elector_report_ac1_part98.pdf,data\raw\ceowestbengal\asd_sir\asd\1_coochbehar\001_mekliganj\uncollectable_elector_report_ac1_part98.pdf,downloaded,
1,COOCHBEHAR,1,Mekliganj,92,40 Niztaraf Fifth Plan Primary School,mom,https://voters.eci.gov.in/eroll/bloblamom/s25/1/bloblamom_a1p92.pdf,data\raw\ceowestbengal\asd_sir\mom\1_coochbehar\001_mekliganj\bloblamom_a1p92.pdf,downloaded,
1,COOCHBEHAR,1,Mekliganj,99,Boxiganj Payesti A. P. 1st Phase School,asd,https://voters.eci.gov.in/eroll/asd/2025/s25/1/uncollectable_elector_report_ac1_part99.pdf,data\raw\ceowestbengal\asd_sir\asd\1_coochbehar\001_mekliganj\uncollectable_elector_report_ac1_part99.pdf,downloaded,
1,COOCHBEHAR,1,Mekliganj,98,Paniyar Char 25 Payastee Anganwadi Centre,mom,https://voters.eci.gov.in/eroll/bloblamom/s25/1/bloblamom_a1p98.pdf,data\raw\ceowestbengal\asd_sir\mom\1_coochbehar\001_mekliganj\bloblamom_a1p98.pdf,downloaded,
1,COOCHBEHAR,1,Mekliganj,93,Rup Singh Fourth Plan Primary School,mom,https://voters.eci.gov.in/eroll/bloblamom/s25/1/bloblamom_a1p93.pdf,data\raw\ceowestbengal\asd_sir\mom\1_coochbehar\001_mekliganj\bloblamom_a1p93.pdf,downloaded,
1,COOCHBEHAR,1,Mekliganj,100,Boalmari Govt. Primary School,asd,https://voters.eci.gov.in/eroll/asd/2025/s25/1/uncollectable_elector_report_ac1_part100.pdf,data\raw\ceowestbengal\asd_sir\asd\1_coochbehar\001_mekliganj\uncollectable_elector_report_ac1_part100.pdf,downloaded,
1,COOCHBEHAR,1,Mekliganj,101,Bibiganj Junior Basic School,asd,https://voters.eci.gov.in/eroll/asd/2025/s25/1/uncollectable_elector_report_ac1_part101.pdf,data\raw\ceowestbengal\asd_sir\asd\1_coochbehar\001_mekliganj\uncollectable_elector_report_ac1_part101.pdf,downloaded,
1,COOCHBEHAR,1,Mekliganj,97,72 Niztaraf Fifth Plan Primary School,mom,https://voters.eci.gov.in/eroll/bloblamom/s25/1/bloblamom_a1p97.pdf,data\raw\ceowestbengal\asd_sir\mom\1_coochbehar\001_mekliganj\bloblamom_a1p97.pdf,downloaded,
1,COOCHBEHAR,1,Mekliganj,99,Boxiganj Payesti A. P. 1st Phase School,mom,https://voters.eci.gov.in/eroll/bloblamom/s25/1/bloblamom_a1p99.pdf,data\raw\ceowestbengal\asd_sir\mom\1_coochbehar\001_mekliganj\bloblamom_a1p99.pdf,downloaded,
1,COOCHBEHAR,1,Mekliganj,102,Masjid Para 33 No. Bajejama ICDS Centre,asd,https://voters.eci.gov.in/eroll/asd/2025/s25/1/uncollectable_elector_report_ac1_part102.pdf,data\raw\ceowestbengal\asd_sir\asd\1_coochbehar\001_mekliganj\uncollectable_elector_report_ac1_part102.pdf,downloaded,
1,COOCHBEHAR,1,Mekliganj,96,Joyhari Aided Primary School,mom,https://voters.eci.gov.in/eroll/bloblamom/s25/1/bloblamom_a1p96.pdf,data\raw\ceowestbengal\asd_sir\mom\1_coochbehar\001_mekliganj\bloblamom_a1p96.pdf,downloaded,
1,COOCHBEHAR,1,Mekliganj,103,Boxi Bibiganj Junior Basic School,asd,https://voters.eci.gov.in/eroll/asd/2025/s25/1/uncollectable_elector_report_ac1_part103.pdf,data\raw\ceowestbengal\asd_sir\asd\1_coochbehar\001_mekliganj\uncollectable_elector_report_ac1_part103.pdf,downloaded,
1,COOCHBEHAR,1,Mekliganj,104,Boxiganj Payasthi 2 No Primary School,asd,https://voters.eci.gov.in/eroll/asd/2025/s25/1/uncollectable_elector_report_ac1_part104.pdf,data\raw\ceowestbengal\asd_sir\asd\1_coochbehar\001_mekliganj\uncollectable_elector_report_ac1_part104.pdf,downloaded,
1,COOCHBEHAR,1,Mekliganj,101,Bibiganj Junior Basic School,mom,https://voters.eci.gov.in/eroll/bloblamom/s25/1/bloblamom_a1p101.pdf,data\raw\ceowestbengal\asd_sir\mom\1_coochbehar\001_mekliganj\bloblamom_a1p101.pdf,downloaded,
1,COOCHBEHAR,1,Mekliganj,100,Boalmari Govt. Primary School,mom,https://voters.eci.gov.in/eroll/bloblamom/s25/1/bloblamom_a1p100.pdf,data\raw\ceowestbengal\asd_sir\mom\1_coochbehar\001_mekliganj\bloblamom_a1p100.pdf,downloaded,
1,COOCHBEHAR,1,Mekliganj,105,Basarajbala Fifth Plan New Primary School,asd,https://voters.eci.gov.in/eroll/asd/2025/s25/1/uncollectable_elector_report_ac1_part105.pdf,data\raw\ceowestbengal\asd_sir\asd\1_coochbehar\001_mekliganj\uncollectable_elector_report_ac1_part105.pdf,downloaded,
1,COOCHBEHAR,1,Mekliganj,106,Boxiganj No. 2 A. P. School,asd,https://voters.eci.gov.in/eroll/asd/2025/s25/1/uncollectable_elector_report_ac1_part106.pdf,data\raw\ceowestbengal\asd_sir\asd\1_coochbehar\001_mekliganj\uncollectable_elector_report_ac1_part106.pdf,downloaded,
1,COOCHBEHAR,1,Mekliganj,102,Masjid Para 33 No. Bajejama ICDS Centre,mom,https://voters.eci.gov.in/eroll/bloblamom/s25/1/bloblamom_a1p102.pdf,data\raw\ceowestbengal\asd_sir\mom\1_coochbehar\001_mekliganj\bloblamom_a1p102.pdf,downloaded,
1,COOCHBEHAR,1,Mekliganj,103,Boxi Bibiganj Junior Basic School,mom,https://voters.eci.gov.in/eroll/bloblamom/s25/1/bloblamom_a1p103.pdf,data\raw\ceowestbengal\asd_sir\mom\1_coochbehar\001_mekliganj\bloblamom_a1p103.pdf,downloaded,
1,COOCHBEHAR,1,Mekliganj,107,Abdul Kader Sarkar High School,asd,https://voters.eci.gov.in/eroll/asd/2025/s25/1/uncollectable_elector_report_ac1_part107.pdf,data\raw\ceowestbengal\asd_sir\asd\1_coochbehar\001_mekliganj\uncollectable_elector_report_ac1_part107.pdf,downloaded,
1,COOCHBEHAR,1,Mekliganj,104,Boxiganj Payasthi 2 No Primary School,mom,https://voters.eci.gov.in/eroll/bloblamom/s25/1/bloblamom_a1p104.pdf,data\raw\ceowestbengal\asd_sir\mom\1_coochbehar\001_mekliganj\bloblamom_a1p104.pdf,downloaded,
1,COOCHBEHAR,1,Mekliganj,108,KakPara Tagarkumar Ashram Primary School,asd,https://voters.eci.gov.in/eroll/asd/2025/s25/1/uncollectable_elector_report_ac1_part108.pdf,data\raw\ceowestbengal\asd_sir\asd\1_coochbehar\001_mekliganj\uncollectable_elector_report_ac1_part108.pdf,downloaded,
1,COOCHBEHAR,1,Mekliganj,109,Choto Haldibari New Primary School,asd,https://voters.eci.gov.in/eroll/asd/2025/s25/1/uncollectable_elector_report_ac1_part109.pdf,data\raw\ceowestbengal\asd_sir\asd\1_coochbehar\001_mekliganj\uncollectable_elector_report_ac1_part109.pdf,downloaded,
1,COOCHBEHAR,1,Mekliganj,106,Boxiganj No. 2 A. P. School,mom,https://voters.eci.gov.in/eroll/bloblamom/s25/1/bloblamom_a1p106.pdf,data\raw\ceowestbengal\asd_sir\mom\1_coochbehar\001_mekliganj\bloblamom_a1p106.pdf,downloaded,
1,COOCHBEHAR,1,Mekliganj,110,Barerdanga Junior Basic School,asd,https://voters.eci.gov.in/eroll/asd/2025/s25/1/uncollectable_elector_report_ac1_part110.pdf,data\raw\ceowestbengal\asd_sir\asd\1_coochbehar\001_mekliganj\uncollectable_elector_report_ac1_part110.pdf,downloaded,
1,COOCHBEHAR,1,Mekliganj,107,Abdul Kader Sarkar High School,mom,https://voters.eci.gov.in/eroll/bloblamom/s25/1/bloblamom_a1p107.pdf,data\raw\ceowestbengal\asd_sir\mom\1_coochbehar\001_mekliganj\bloblamom_a1p107.pdf,downloaded,
1,COOCHBEHAR,1,Mekliganj,108,KakPara Tagarkumar Ashram Primary School,mom,https://voters.eci.gov.in/eroll/bloblamom/s25/1/bloblamom_a1p108.pdf,data\raw\ceowestbengal\asd_sir\mom\1_coochbehar\001_mekliganj\bloblamom_a1p108.pdf,downloaded,
1,COOCHBEHAR,1,Mekliganj,94,Kalyan Kumari A. P. School,mom,https://voters.eci.gov.in/eroll/bloblamom/s25/1/bloblamom_a1p94.pdf,data\raw\ceowestbengal\asd_sir\mom\1_coochbehar\001_mekliganj\bloblamom_a1p94.pdf,downloaded,
1,COOCHBEHAR,1,Mekliganj,111,34 No. Khasbosh Kherajuddin N. S. Primary School,asd,https://voters.eci.gov.in/eroll/asd/2025/s25/1/uncollectable_elector_report_ac1_part111.pdf,data\raw\ceowestbengal\asd_sir\asd\1_coochbehar\001_mekliganj\uncollectable_elector_report_ac1_part111.pdf,downloaded,
1,COOCHBEHAR,1,Mekliganj,112,Barerdanga Girls Junior High School,asd,https://voters.eci.gov.in/eroll/asd/2025/s25/1/uncollectable_elector_report_ac1_part112.pdf,data\raw\ceowestbengal\asd_sir\asd\1_coochbehar\001_mekliganj\uncollectable_elector_report_ac1_part112.pdf,downloaded,
1,COOCHBEHAR,1,Mekliganj,113,Pranmajumdar State Plan Primary School,asd,https://voters.eci.gov.in/eroll/asd/2025/s25/1/uncollectable_elector_report_ac1_part113.pdf,data\raw\ceowestbengal\asd_sir\asd\1_coochbehar\001_mekliganj\uncollectable_elector_report_ac1_part113.pdf,downloaded,
1,COOCHBEHAR,1,Mekliganj,112,Barerdanga Girls Junior High School,mom,https://voters.eci.gov.in/eroll/bloblamom/s25/1/bloblamom_a1p112.pdf,data\raw\ceowestbengal\asd_sir\mom\1_coochbehar\001_mekliganj\bloblamom_a1p112.pdf,downloaded,
1,COOCHBEHAR,1,Mekliganj,111,34 No. Khasbosh Kherajuddin N. S. Primary School,mom,https://voters.eci.gov.in/eroll/bloblamom/s25/1/bloblamom_a1p111.pdf,data\raw\ceowestbengal\asd_sir\mom\1_coochbehar\001_mekliganj\bloblamom_a1p111.pdf,downloaded,
1,COOCHBEHAR,1,Mekliganj,114,Halfali New Primary School,asd,https://voters.eci.gov.in/eroll/asd/2025/s25/1/uncollectable_elector_report_ac1_part114.pdf,data\raw\ceowestbengal\asd_sir\asd\1_coochbehar\001_mekliganj\uncollectable_elector_report_ac1_part114.pdf,downloaded,
1,COOCHBEHAR,1,Mekliganj,110,Barerdanga Junior Basic School,mom,https://voters.eci.gov.in/eroll/bloblamom/s25/1/bloblamom_a1p110.pdf,data\raw\ceowestbengal\asd_sir\mom\1_coochbehar\001_mekliganj\bloblamom_a1p110.pdf,downloaded,
1,COOCHBEHAR,1,Mekliganj,115,Boxiganj No. 1 Govt. Primary School,asd,https://voters.eci.gov.in/eroll/asd/2025/s25/1/uncollectable_elector_report_ac1_part115.pdf,data\raw\ceowestbengal\asd_sir\asd\1_coochbehar\001_mekliganj\uncollectable_elector_report_ac1_part115.pdf,downloaded,
1,COOCHBEHAR,1,Mekliganj,116,Basrajbala Aided Primary School,asd,https://voters.eci.gov.in/eroll/asd/2025/s25/1/uncollectable_elector_report_ac1_part116.pdf,data\raw\ceowestbengal\asd_sir\asd\1_coochbehar\001_mekliganj\uncollectable_elector_report_ac1_part116.pdf,downloaded,
1,COOCHBEHAR,1,Mekliganj,115,Boxiganj No. 1 Govt. Primary School,mom,https://voters.eci.gov.in/eroll/bloblamom/s25/1/bloblamom_a1p115.pdf,data\raw\ceowestbengal\asd_sir\mom\1_coochbehar\001_mekliganj\bloblamom_a1p115.pdf,downloaded,
1,COOCHBEHAR,1,Mekliganj,105,Basarajbala Fifth Plan New Primary School,mom,https://voters.eci.gov.in/eroll/bloblamom/s25/1/bloblamom_a1p105.pdf,data\raw\ceowestbengal\asd_sir\mom\1_coochbehar\001_mekliganj\bloblamom_a1p105.pdf,downloaded,
1,COOCHBEHAR,1,Mekliganj,109,Choto Haldibari New Primary School,mom,https://voters.eci.gov.in/eroll/bloblamom/s25/1/bloblamom_a1p109.pdf,data\raw\ceowestbengal\asd_sir\mom\1_coochbehar\001_mekliganj\bloblamom_a1p109.pdf,downloaded,
1,COOCHBEHAR,1,Mekliganj,118,Haldibari Nabakishor High School,asd,https://voters.eci.gov.in/eroll/asd/2025/s25/1/uncollectable_elector_report_ac1_part118.pdf,data\raw\ceowestbengal\asd_sir\asd\1_coochbehar\001_mekliganj\uncollectable_elector_report_ac1_part118.pdf,downloaded,
1,COOCHBEHAR,1,Mekliganj,117,Wahabul Ullum Junior Basic School,asd,https://voters.eci.gov.in/eroll/asd/2025/s25/1/uncollectable_elector_report_ac1_part117.pdf,data\raw\ceowestbengal\asd_sir\asd\1_coochbehar\001_mekliganj\uncollectable_elector_report_ac1_part117.pdf,downloaded,
1,COOCHBEHAR,1,Mekliganj,114,Halfali New Primary School,mom,https://voters.eci.gov.in/eroll/bloblamom/s25/1/bloblamom_a1p114.pdf,data\raw\ceowestbengal\asd_sir\mom\1_coochbehar\001_mekliganj\bloblamom_a1p114.pdf,downloaded,
1,COOCHBEHAR,1,Mekliganj,119,Bara Haldibari Pramanik Para Praimary School,asd,https://voters.eci.gov.in/eroll/asd/2025/s25/1/uncollectable_elector_report_ac1_part119.pdf,data\raw\ceowestbengal\asd_sir\asd\1_coochbehar\001_mekliganj\uncollectable_elector_report_ac1_part119.pdf,downloaded,
1,COOCHBEHAR,1,Mekliganj,120,Uttar Bara Haldibari Ambagan Fifth Plan Primary School,asd,https://voters.eci.gov.in/eroll/asd/2025/s25/1/uncollectable_elector_report_ac1_part120.pdf,data\raw\ceowestbengal\asd_sir\asd\1_coochbehar\001_mekliganj\uncollectable_elector_report_ac1_part120.pdf,downloaded,
1,COOCHBEHAR,1,Mekliganj,116,Basrajbala Aided Primary School,mom,https://voters.eci.gov.in/eroll/bloblamom/s25/1/bloblamom_a1p116.pdf,data\raw\ceowestbengal\asd_sir\mom\1_coochbehar\001_mekliganj\bloblamom_a1p116.pdf,downloaded,
1,COOCHBEHAR,1,Mekliganj,121,Wahabul Ullum High School,asd,https://voters.eci.gov.in/eroll/asd/2025/s25/1/uncollectable_elector_report_ac1_part121.pdf,data\raw\ceowestbengal\asd_sir\asd\1_coochbehar\001_mekliganj\uncollectable_elector_report_ac1_part121.pdf,downloaded,
1,COOCHBEHAR,1,Mekliganj,119,Bara Haldibari Pramanik Para Praimary School,mom,https://voters.eci.gov.in/eroll/bloblamom/s25/1/bloblamom_a1p119.pdf,data\raw\ceowestbengal\asd_sir\mom\1_coochbehar\001_mekliganj\bloblamom_a1p119.pdf,downloaded,
1,COOCHBEHAR,1,Mekliganj,120,Uttar Bara Haldibari Ambagan Fifth Plan Primary School,mom,https://voters.eci.gov.in/eroll/bloblamom/s25/1/bloblamom_a1p120.pdf,data\raw\ceowestbengal\asd_sir\mom\1_coochbehar\001_mekliganj\bloblamom_a1p120.pdf,downloaded,
1,COOCHBEHAR,1,Mekliganj,122,Kashiabari Jayanti Nagar Fifth Plan Primary School,asd,https://voters.eci.gov.in/eroll/asd/2025/s25/1/uncollectable_elector_report_ac1_part122.pdf,data\raw\ceowestbengal\asd_sir\asd\1_coochbehar\001_mekliganj\uncollectable_elector_report_ac1_part122.pdf,downloaded,
1,COOCHBEHAR,1,Mekliganj,123,Kashiabari I. C. D. S. Centre,asd,https://voters.eci.gov.in/eroll/asd/2025/s25/1/uncollectable_elector_report_ac1_part123.pdf,data\raw\ceowestbengal\asd_sir\asd\1_coochbehar\001_mekliganj\uncollectable_elector_report_ac1_part123.pdf,downloaded,
1,COOCHBEHAR,1,Mekliganj,117,Wahabul Ullum Junior Basic School,mom,https://voters.eci.gov.in/eroll/bloblamom/s25/1/bloblamom_a1p117.pdf,data\raw\ceowestbengal\asd_sir\mom\1_coochbehar\001_mekliganj\bloblamom_a1p117.pdf,downloaded,
1,COOCHBEHAR,1,Mekliganj,124,Kashiabari 2 No. Junior Basic School,asd,https://voters.eci.gov.in/eroll/asd/2025/s25/1/uncollectable_elector_report_ac1_part124.pdf,data\raw\ceowestbengal\asd_sir\asd\1_coochbehar\001_mekliganj\uncollectable_elector_report_ac1_part124.pdf,downloaded,
1,COOCHBEHAR,1,Mekliganj,118,Haldibari Nabakishor High School,mom,https://voters.eci.gov.in/eroll/bloblamom/s25/1/bloblamom_a1p118.pdf,data\raw\ceowestbengal\asd_sir\mom\1_coochbehar\001_mekliganj\bloblamom_a1p118.pdf,downloaded,
1,COOCHBEHAR,1,Mekliganj,125,Kashiabari 2 No. Junior Basic School,asd,https://voters.eci.gov.in/eroll/asd/2025/s25/1/uncollectable_elector_report_ac1_part125.pdf,data\raw\ceowestbengal\asd_sir\asd\1_coochbehar\001_mekliganj\uncollectable_elector_report_ac1_part125.pdf,downloaded,
1,COOCHBEHAR,1,Mekliganj,121,Wahabul Ullum High School,mom,https://voters.eci.gov.in/eroll/bloblamom/s25/1/bloblamom_a1p121.pdf,data\raw\ceowestbengal\asd_sir\mom\1_coochbehar\001_mekliganj\bloblamom_a1p121.pdf,downloaded,
1,COOCHBEHAR,1,Mekliganj,126,Uttar Shantinagar Fifth Plan Primary School,asd,https://voters.eci.gov.in/eroll/asd/2025/s25/1/uncollectable_elector_report_ac1_part126.pdf,data\raw\ceowestbengal\asd_sir\asd\1_coochbehar\001_mekliganj\uncollectable_elector_report_ac1_part126.pdf,downloaded,
1,COOCHBEHAR,1,Mekliganj,124,Kashiabari 2 No. Junior Basic School,mom,https://voters.eci.gov.in/eroll/bloblamom/s25/1/bloblamom_a1p124.pdf,data\raw\ceowestbengal\asd_sir\mom\1_coochbehar\001_mekliganj\bloblamom_a1p124.pdf,downloaded,
1,COOCHBEHAR,1,Mekliganj,127,Jorampara I. C. D. S. Centre,asd,https://voters.eci.gov.in/eroll/asd/2025/s25/1/uncollectable_elector_report_ac1_part127.pdf,data\raw\ceowestbengal\asd_sir\asd\1_coochbehar\001_mekliganj\uncollectable_elector_report_ac1_part127.pdf,downloaded,
1,COOCHBEHAR,1,Mekliganj,123,Kashiabari I. C. D. S. Centre,mom,https://voters.eci.gov.in/eroll/bloblamom/s25/1/bloblamom_a1p123.pdf,data\raw\ceowestbengal\asd_sir\mom\1_coochbehar\001_mekliganj\bloblamom_a1p123.pdf,downloaded,
1,COOCHBEHAR,1,Mekliganj,122,Kashiabari Jayanti Nagar Fifth Plan Primary School,mom,https://voters.eci.gov.in/eroll/bloblamom/s25/1/bloblamom_a1p122.pdf,data\raw\ceowestbengal\asd_sir\mom\1_coochbehar\001_mekliganj\bloblamom_a1p122.pdf,downloaded,
1,COOCHBEHAR,1,Mekliganj,128,Payamari Milan Sangha State Plan Primary School,asd,https://voters.eci.gov.in/eroll/asd/2025/s25/1/uncollectable_elector_report_ac1_part128.pdf,data\raw\ceowestbengal\asd_sir\asd\1_coochbehar\001_mekliganj\uncollectable_elector_report_ac1_part128.pdf,downloaded,
1,COOCHBEHAR,1,Mekliganj,129,Payamari Special Cadre Primary School,asd,https://voters.eci.gov.in/eroll/asd/2025/s25/1/uncollectable_elector_report_ac1_part129.pdf,data\raw\ceowestbengal\asd_sir\asd\1_coochbehar\001_mekliganj\uncollectable_elector_report_ac1_part129.pdf,downloaded,
1,COOCHBEHAR,1,Mekliganj,126,Uttar Shantinagar Fifth Plan Primary School,mom,https://voters.eci.gov.in/eroll/bloblamom/s25/1/bloblamom_a1p126.pdf,data\raw\ceowestbengal\asd_sir\mom\1_coochbehar\001_mekliganj\bloblamom_a1p126.pdf,downloaded,
1,COOCHBEHAR,1,Mekliganj,113,Pranmajumdar State Plan Primary School,mom,https://voters.eci.gov.in/eroll/bloblamom/s25/1/bloblamom_a1p113.pdf,data\raw\ceowestbengal\asd_sir\mom\1_coochbehar\001_mekliganj\bloblamom_a1p113.pdf,downloaded,
1,COOCHBEHAR,1,Mekliganj,130,Chikaneswari 4th Plan Primary School,asd,https://voters.eci.gov.in/eroll/asd/2025/s25/1/uncollectable_elector_report_ac1_part130.pdf,data\raw\ceowestbengal\asd_sir\asd\1_coochbehar\001_mekliganj\uncollectable_elector_report_ac1_part130.pdf,downloaded,
1,COOCHBEHAR,1,Mekliganj,128,Payamari Milan Sangha State Plan Primary School,mom,https://voters.eci.gov.in/eroll/bloblamom/s25/1/bloblamom_a1p128.pdf,data\raw\ceowestbengal\asd_sir\mom\1_coochbehar\001_mekliganj\bloblamom_a1p128.pdf,downloaded,
1,COOCHBEHAR,1,Mekliganj,131,Kashiabari 1 No. Aided Primary School,asd,https://voters.eci.gov.in/eroll/asd/2025/s25/1/uncollectable_elector_report_ac1_part131.pdf,data\raw\ceowestbengal\asd_sir\asd\1_coochbehar\001_mekliganj\uncollectable_elector_report_ac1_part131.pdf,downloaded,
1,COOCHBEHAR,1,Mekliganj,132,Sardar Para New Primary School,asd,https://voters.eci.gov.in/eroll/asd/2025/s25/1/uncollectable_elector_report_ac1_part132.pdf,data\raw\ceowestbengal\asd_sir\asd\1_coochbehar\001_mekliganj\uncollectable_elector_report_ac1_part132.pdf,downloaded,
1,COOCHBEHAR,1,Mekliganj,129,Payamari Special Cadre Primary School,mom,https://voters.eci.gov.in/eroll/bloblamom/s25/1/bloblamom_a1p129.pdf,data\raw\ceowestbengal\asd_sir\mom\1_coochbehar\001_mekliganj\bloblamom_a1p129.pdf,downloaded,
1,COOCHBEHAR,1,Mekliganj,133,Jhakuapara R. B. M. Primary School,asd,https://voters.eci.gov.in/eroll/asd/2025/s25/1/uncollectable_elector_report_ac1_part133.pdf,data\raw\ceowestbengal\asd_sir\asd\1_coochbehar\001_mekliganj\uncollectable_elector_report_ac1_part133.pdf,downloaded,
1,COOCHBEHAR,1,Mekliganj,125,Kashiabari 2 No. Junior Basic School,mom,https://voters.eci.gov.in/eroll/bloblamom/s25/1/bloblamom_a1p125.pdf,data\raw\ceowestbengal\asd_sir\mom\1_coochbehar\001_mekliganj\bloblamom_a1p125.pdf,downloaded,
1,COOCHBEHAR,1,Mekliganj,133,Jhakuapara R. B. M. Primary School,mom,https://voters.eci.gov.in/eroll/bloblamom/s25/1/bloblamom_a1p133.pdf,data\raw\ceowestbengal\asd_sir\mom\1_coochbehar\001_mekliganj\bloblamom_a1p133.pdf,downloaded,
1,COOCHBEHAR,1,Mekliganj,134,Uttar Shantinagar S. S. K.,asd,https://voters.eci.gov.in/eroll/asd/2025/s25/1/uncollectable_elector_report_ac1_part134.pdf,data\raw\ceowestbengal\asd_sir\asd\1_coochbehar\001_mekliganj\uncollectable_elector_report_ac1_part134.pdf,downloaded,
1,COOCHBEHAR,1,Mekliganj,132,Sardar Para New Primary School,mom,https://voters.eci.gov.in/eroll/bloblamom/s25/1/bloblamom_a1p132.pdf,data\raw\ceowestbengal\asd_sir\mom\1_coochbehar\001_mekliganj\bloblamom_a1p132.pdf,downloaded,
1,COOCHBEHAR,1,Mekliganj,134,Uttar Shantinagar S. S. K.,mom,https://voters.eci.gov.in/eroll/bloblamom/s25/1/bloblamom_a1p134.pdf,data\raw\ceowestbengal\asd_sir\mom\1_coochbehar\001_mekliganj\bloblamom_a1p134.pdf,downloaded,
1,COOCHBEHAR,1,Mekliganj,135,Purbapara New Primary School,asd,https://voters.eci.gov.in/eroll/asd/2025/s25/1/uncollectable_elector_report_ac1_part135.pdf,data\raw\ceowestbengal\asd_sir\asd\1_coochbehar\001_mekliganj\uncollectable_elector_report_ac1_part135.pdf,downloaded,
1,COOCHBEHAR,1,Mekliganj,136,Purbapara New Primary School,asd,https://voters.eci.gov.in/eroll/asd/2025/s25/1/uncollectable_elector_report_ac1_part136.pdf,data\raw\ceowestbengal\asd_sir\asd\1_coochbehar\001_mekliganj\uncollectable_elector_report_ac1_part136.pdf,downloaded,
1,COOCHBEHAR,1,Mekliganj,137,Kshudiram Pally Rameshwar Dayal Primary School,asd,https://voters.eci.gov.in/eroll/asd/2025/s25/1/uncollectable_elector_report_ac1_part137.pdf,data\raw\ceowestbengal\asd_sir\asd\1_coochbehar\001_mekliganj\uncollectable_elector_report_ac1_part137.pdf,downloaded,
1,COOCHBEHAR,1,Mekliganj,135,Purbapara New Primary School,mom,https://voters.eci.gov.in/eroll/bloblamom/s25/1/bloblamom_a1p135.pdf,data\raw\ceowestbengal\asd_sir\mom\1_coochbehar\001_mekliganj\bloblamom_a1p135.pdf,downloaded,
1,COOCHBEHAR,1,Mekliganj,138,Dharanagar Colony State Plan Primary School,asd,https://voters.eci.gov.in/eroll/asd/2025/s25/1/uncollectable_elector_report_ac1_part138.pdf,data\raw\ceowestbengal\asd_sir\asd\1_coochbehar\001_mekliganj\uncollectable_elector_report_ac1_part138.pdf,downloaded,
1,COOCHBEHAR,1,Mekliganj,130,Chikaneswari 4th Plan Primary School,mom,https://voters.eci.gov.in/eroll/bloblamom/s25/1/bloblamom_a1p130.pdf,data\raw\ceowestbengal\asd_sir\mom\1_coochbehar\001_mekliganj\bloblamom_a1p130.pdf,downloaded,
1,COOCHBEHAR,1,Mekliganj,139,Arabinda Smriti R. R. Primary School,asd,https://voters.eci.gov.in/eroll/asd/2025/s25/1/uncollectable_elector_report_ac1_part139.pdf,data\raw\ceowestbengal\asd_sir\asd\1_coochbehar\001_mekliganj\uncollectable_elector_report_ac1_part139.pdf,downloaded,
1,COOCHBEHAR,1,Mekliganj,127,Jorampara I. C. D. S. Centre,mom,https://voters.eci.gov.in/eroll/bloblamom/s25/1/bloblamom_a1p127.pdf,data\raw\ceowestbengal\asd_sir\mom\1_coochbehar\001_mekliganj\bloblamom_a1p127.pdf,downloaded,
1,COOCHBEHAR,1,Mekliganj,140,Baladanga Junior Basic School,asd,https://voters.eci.gov.in/eroll/asd/2025/s25/1/uncollectable_elector_report_ac1_part140.pdf,data\raw\ceowestbengal\asd_sir\asd\1_coochbehar\001_mekliganj\uncollectable_elector_report_ac1_part140.pdf,downloaded,
1,COOCHBEHAR,1,Mekliganj,131,Kashiabari 1 No. Aided Primary School,mom,https://voters.eci.gov.in/eroll/bloblamom/s25/1/bloblamom_a1p131.pdf,data\raw\ceowestbengal\asd_sir\mom\1_coochbehar\001_mekliganj\bloblamom_a1p131.pdf,downloaded,
1,COOCHBEHAR,1,Mekliganj,141,Baladanga Junior Basic School,asd,https://voters.eci.gov.in/eroll/asd/2025/s25/1/uncollectable_elector_report_ac1_part141.pdf,data\raw\ceowestbengal\asd_sir\asd\1_coochbehar\001_mekliganj\uncollectable_elector_report_ac1_part141.pdf,downloaded,
1,COOCHBEHAR,1,Mekliganj,138,Dharanagar Colony State Plan Primary School,mom,https://voters.eci.gov.in/eroll/bloblamom/s25/1/bloblamom_a1p138.pdf,data\raw\ceowestbengal\asd_sir\mom\1_coochbehar\001_mekliganj\bloblamom_a1p138.pdf,downloaded,
1,COOCHBEHAR,1,Mekliganj,142,Haldibari High School,asd,https://voters.eci.gov.in/eroll/asd/2025/s25/1/uncollectable_elector_report_ac1_part142.pdf,data\raw\ceowestbengal\asd_sir\asd\1_coochbehar\001_mekliganj\uncollectable_elector_report_ac1_part142.pdf,downloaded,
1,COOCHBEHAR,1,Mekliganj,136,Purbapara New Primary School,mom,https://voters.eci.gov.in/eroll/bloblamom/s25/1/bloblamom_a1p136.pdf,data\raw\ceowestbengal\asd_sir\mom\1_coochbehar\001_mekliganj\bloblamom_a1p136.pdf,downloaded,
1,COOCHBEHAR,1,Mekliganj,143,Haldibari Paschimpara Fifth Plan Primary School,asd,https://voters.eci.gov.in/eroll/asd/2025/s25/1/uncollectable_elector_report_ac1_part143.pdf,data\raw\ceowestbengal\asd_sir\asd\1_coochbehar\001_mekliganj\uncollectable_elector_report_ac1_part143.pdf,downloaded,
1,COOCHBEHAR,1,Mekliganj,143,Haldibari Paschimpara Fifth Plan Primary School,mom,https://voters.eci.gov.in/eroll/bloblamom/s25/1/bloblamom_a1p143.pdf,data\raw\ceowestbengal\asd_sir\mom\1_coochbehar\001_mekliganj\bloblamom_a1p143.pdf,downloaded,
1,COOCHBEHAR,1,Mekliganj,144,Uttar Para State Plan Primary School,asd,https://voters.eci.gov.in/eroll/asd/2025/s25/1/uncollectable_elector_report_ac1_part144.pdf,data\raw\ceowestbengal\asd_sir\asd\1_coochbehar\001_mekliganj\uncollectable_elector_report_ac1_part144.pdf,downloaded,
1,COOCHBEHAR,1,Mekliganj,144,Uttar Para State Plan Primary School,mom,https://voters.eci.gov.in/eroll/bloblamom/s25/1/bloblamom_a1p144.pdf,data\raw\ceowestbengal\asd_sir\mom\1_coochbehar\001_mekliganj\bloblamom_a1p144.pdf,downloaded,
1,COOCHBEHAR,1,Mekliganj,140,Baladanga Junior Basic School,mom,https://voters.eci.gov.in/eroll/bloblamom/s25/1/bloblamom_a1p140.pdf,data\raw\ceowestbengal\asd_sir\mom\1_coochbehar\001_mekliganj\bloblamom_a1p140.pdf,downloaded,
1,COOCHBEHAR,1,Mekliganj,145,Netaji Subhash Mahavidyalay,asd,https://voters.eci.gov.in/eroll/asd/2025/s25/1/uncollectable_elector_report_ac1_part145.pdf,data\raw\ceowestbengal\asd_sir\asd\1_coochbehar\001_mekliganj\uncollectable_elector_report_ac1_part145.pdf,downloaded,
1,COOCHBEHAR,1,Mekliganj,141,Baladanga Junior Basic School,mom,https://voters.eci.gov.in/eroll/bloblamom/s25/1/bloblamom_a1p141.pdf,data\raw\ceowestbengal\asd_sir\mom\1_coochbehar\001_mekliganj\bloblamom_a1p141.pdf,downloaded,
1,COOCHBEHAR,1,Mekliganj,146,Banachand Junior Basic School,asd,https://voters.eci.gov.in/eroll/asd/2025/s25/1/uncollectable_elector_report_ac1_part146.pdf,data\raw\ceowestbengal\asd_sir\asd\1_coochbehar\001_mekliganj\uncollectable_elector_report_ac1_part146.pdf,downloaded,
1,COOCHBEHAR,1,Mekliganj,139,Arabinda Smriti R. R. Primary School,mom,https://voters.eci.gov.in/eroll/bloblamom/s25/1/bloblamom_a1p139.pdf,data\raw\ceowestbengal\asd_sir\mom\1_coochbehar\001_mekliganj\bloblamom_a1p139.pdf,downloaded,
1,COOCHBEHAR,1,Mekliganj,147,Gangdoba Fourth Plan Primary School,asd,https://voters.eci.gov.in/eroll/asd/2025/s25/1/uncollectable_elector_report_ac1_part147.pdf,data\raw\ceowestbengal\asd_sir\asd\1_coochbehar\001_mekliganj\uncollectable_elector_report_ac1_part147.pdf,downloaded,
1,COOCHBEHAR,1,Mekliganj,145,Netaji Subhash Mahavidyalay,mom,https://voters.eci.gov.in/eroll/bloblamom/s25/1/bloblamom_a1p145.pdf,data\raw\ceowestbengal\asd_sir\mom\1_coochbehar\001_mekliganj\bloblamom_a1p145.pdf,downloaded,
1,COOCHBEHAR,1,Mekliganj,148,Goalibai Fifth Plan Primary School,asd,https://voters.eci.gov.in/eroll/asd/2025/s25/1/uncollectable_elector_report_ac1_part148.pdf,data\raw\ceowestbengal\asd_sir\asd\1_coochbehar\001_mekliganj\uncollectable_elector_report_ac1_part148.pdf,downloaded,
1,COOCHBEHAR,1,Mekliganj,149,Baladanga Shimultala S. C. Primary School,asd,https://voters.eci.gov.in/eroll/asd/2025/s25/1/uncollectable_elector_report_ac1_part149.pdf,data\raw\ceowestbengal\asd_sir\asd\1_coochbehar\001_mekliganj\uncollectable_elector_report_ac1_part149.pdf,downloaded,
1,COOCHBEHAR,1,Mekliganj,142,Haldibari High School,mom,https://voters.eci.gov.in/eroll/bloblamom/s25/1/bloblamom_a1p142.pdf,data\raw\ceowestbengal\asd_sir\mom\1_coochbehar\001_mekliganj\bloblamom_a1p142.pdf,downloaded,
1,COOCHBEHAR,1,Mekliganj,150,Dangapara N. P. School,asd,https://voters.eci.gov.in/eroll/asd/2025/s25/1/uncollectable_elector_report_ac1_part150.pdf,data\raw\ceowestbengal\asd_sir\asd\1_coochbehar\001_mekliganj\uncollectable_elector_report_ac1_part150.pdf,downloaded,
1,COOCHBEHAR,1,Mekliganj,148,Goalibai Fifth Plan Primary School,mom,https://voters.eci.gov.in/eroll/bloblamom/s25/1/bloblamom_a1p148.pdf,data\raw\ceowestbengal\asd_sir\mom\1_coochbehar\001_mekliganj\bloblamom_a1p148.pdf,downloaded,
1,COOCHBEHAR,1,Mekliganj,146,Banachand Junior Basic School,mom,https://voters.eci.gov.in/eroll/bloblamom/s25/1/bloblamom_a1p146.pdf,data\raw\ceowestbengal\asd_sir\mom\1_coochbehar\001_mekliganj\bloblamom_a1p146.pdf,downloaded,
1,COOCHBEHAR,1,Mekliganj,151,South Bara Haldibari Special Cadre Primary School,asd,https://voters.eci.gov.in/eroll/asd/2025/s25/1/uncollectable_elector_report_ac1_part151.pdf,data\raw\ceowestbengal\asd_sir\asd\1_coochbehar\001_mekliganj\uncollectable_elector_report_ac1_part151.pdf,downloaded,
1,COOCHBEHAR,1,Mekliganj,147,Gangdoba Fourth Plan Primary School,mom,https://voters.eci.gov.in/eroll/bloblamom/s25/1/bloblamom_a1p147.pdf,data\raw\ceowestbengal\asd_sir\mom\1_coochbehar\001_mekliganj\bloblamom_a1p147.pdf,downloaded,
1,COOCHBEHAR,1,Mekliganj,137,Kshudiram Pally Rameshwar Dayal Primary School,mom,https://voters.eci.gov.in/eroll/bloblamom/s25/1/bloblamom_a1p137.pdf,data\raw\ceowestbengal\asd_sir\mom\1_coochbehar\001_mekliganj\bloblamom_a1p137.pdf,downloaded,
1,COOCHBEHAR,1,Mekliganj,152,Khalpara N. P. School,asd,https://voters.eci.gov.in/eroll/asd/2025/s25/1/uncollectable_elector_report_ac1_part152.pdf,data\raw\ceowestbengal\asd_sir\asd\1_coochbehar\001_mekliganj\uncollectable_elector_report_ac1_part152.pdf,downloaded,
1,COOCHBEHAR,1,Mekliganj,153,Boxiganj Andaran Khasbos Fifth Plan Primary School,asd,https://voters.eci.gov.in/eroll/asd/2025/s25/1/uncollectable_elector_report_ac1_part153.pdf,data\raw\ceowestbengal\asd_sir\asd\1_coochbehar\001_mekliganj\uncollectable_elector_report_ac1_part153.pdf,downloaded,
1,COOCHBEHAR,1,Mekliganj,154,Bara Haldibari Pathanpara Govt. Primary School,asd,https://voters.eci.gov.in/eroll/asd/2025/s25/1/uncollectable_elector_report_ac1_part154.pdf,data\raw\ceowestbengal\asd_sir\asd\1_coochbehar\001_mekliganj\uncollectable_elector_report_ac1_part154.pdf,downloaded,
1,COOCHBEHAR,1,Mekliganj,150,Dangapara N. P. School,mom,https://voters.eci.gov.in/eroll/bloblamom/s25/1/bloblamom_a1p150.pdf,data\raw\ceowestbengal\asd_sir\mom\1_coochbehar\001_mekliganj\bloblamom_a1p150.pdf,downloaded,
1,COOCHBEHAR,1,Mekliganj,155,Firingirhat Class Five Primary School,asd,https://voters.eci.gov.in/eroll/asd/2025/s25/1/uncollectable_elector_report_ac1_part155.pdf,data\raw\ceowestbengal\asd_sir\asd\1_coochbehar\001_mekliganj\uncollectable_elector_report_ac1_part155.pdf,downloaded,
1,COOCHBEHAR,1,Mekliganj,149,Baladanga Shimultala S. C. Primary School,mom,https://voters.eci.gov.in/eroll/bloblamom/s25/1/bloblamom_a1p149.pdf,data\raw\ceowestbengal\asd_sir\mom\1_coochbehar\001_mekliganj\bloblamom_a1p149.pdf,downloaded,
1,COOCHBEHAR,1,Mekliganj,156,Fatemamud Junior Basic School,asd,https://voters.eci.gov.in/eroll/asd/2025/s25/1/uncollectable_elector_report_ac1_part156.pdf,data\raw\ceowestbengal\asd_sir\asd\1_coochbehar\001_mekliganj\uncollectable_elector_report_ac1_part156.pdf,downloaded,
1,COOCHBEHAR,1,Mekliganj,152,Khalpara N. P. School,mom,https://voters.eci.gov.in/eroll/bloblamom/s25/1/bloblamom_a1p152.pdf,data\raw\ceowestbengal\asd_sir\mom\1_coochbehar\001_mekliganj\bloblamom_a1p152.pdf,downloaded,
1,COOCHBEHAR,1,Mekliganj,157,Gyandas Fourth Plan Primary School,asd,https://voters.eci.gov.in/eroll/asd/2025/s25/1/uncollectable_elector_report_ac1_part157.pdf,data\raw\ceowestbengal\asd_sir\asd\1_coochbehar\001_mekliganj\uncollectable_elector_report_ac1_part157.pdf,downloaded,
1,COOCHBEHAR,1,Mekliganj,155,Firingirhat Class Five Primary School,mom,https://voters.eci.gov.in/eroll/bloblamom/s25/1/bloblamom_a1p155.pdf,data\raw\ceowestbengal\asd_sir\mom\1_coochbehar\001_mekliganj\bloblamom_a1p155.pdf,downloaded,
1,COOCHBEHAR,1,Mekliganj,153,Boxiganj Andaran Khasbos Fifth Plan Primary School,mom,https://voters.eci.gov.in/eroll/bloblamom/s25/1/bloblamom_a1p153.pdf,data\raw\ceowestbengal\asd_sir\mom\1_coochbehar\001_mekliganj\bloblamom_a1p153.pdf,downloaded,
1,COOCHBEHAR,1,Mekliganj,158,Khasbos Bajejama Aided Primary School,asd,https://voters.eci.gov.in/eroll/asd/2025/s25/1/uncollectable_elector_report_ac1_part158.pdf,data\raw\ceowestbengal\asd_sir\asd\1_coochbehar\001_mekliganj\uncollectable_elector_report_ac1_part158.pdf,downloaded,
1,COOCHBEHAR,1,Mekliganj,159,19th Gyandas Paschim Fifth Plan Primary School,asd,https://voters.eci.gov.in/eroll/asd/2025/s25/1/uncollectable_elector_report_ac1_part159.pdf,data\raw\ceowestbengal\asd_sir\asd\1_coochbehar\001_mekliganj\uncollectable_elector_report_ac1_part159.pdf,downloaded,
1,COOCHBEHAR,1,Mekliganj,151,South Bara Haldibari Special Cadre Primary School,mom,https://voters.eci.gov.in/eroll/bloblamom/s25/1/bloblamom_a1p151.pdf,data\raw\ceowestbengal\asd_sir\mom\1_coochbehar\001_mekliganj\bloblamom_a1p151.pdf,downloaded,
1,COOCHBEHAR,1,Mekliganj,160,Hasnahana Begum Pradhan Madrasa Sikkha Kendra,asd,https://voters.eci.gov.in/eroll/asd/2025/s25/1/uncollectable_elector_report_ac1_part160.pdf,data\raw\ceowestbengal\asd_sir\asd\1_coochbehar\001_mekliganj\uncollectable_elector_report_ac1_part160.pdf,downloaded,
1,COOCHBEHAR,1,Mekliganj,154,Bara Haldibari Pathanpara Govt. Primary School,mom,https://voters.eci.gov.in/eroll/bloblamom/s25/1/bloblamom_a1p154.pdf,data\raw\ceowestbengal\asd_sir\mom\1_coochbehar\001_mekliganj\bloblamom_a1p154.pdf,downloaded,
1,COOCHBEHAR,1,Mekliganj,156,Fatemamud Junior Basic School,mom,https://voters.eci.gov.in/eroll/bloblamom/s25/1/bloblamom_a1p156.pdf,data\raw\ceowestbengal\asd_sir\mom\1_coochbehar\001_mekliganj\bloblamom_a1p156.pdf,downloaded,
1,COOCHBEHAR,1,Mekliganj,157,Gyandas Fourth Plan Primary School,mom,https://voters.eci.gov.in/eroll/bloblamom/s25/1/bloblamom_a1p157.pdf,data\raw\ceowestbengal\asd_sir\mom\1_coochbehar\001_mekliganj\bloblamom_a1p157.pdf,downloaded,
1,COOCHBEHAR,1,Mekliganj,161,Vandanirhat S. S. K.,asd,https://voters.eci.gov.in/eroll/asd/2025/s25/1/uncollectable_elector_report_ac1_part161.pdf,data\raw\ceowestbengal\asd_sir\asd\1_coochbehar\001_mekliganj\uncollectable_elector_report_ac1_part161.pdf,downloaded,
1,COOCHBEHAR,1,Mekliganj,162,Hudumdanga A. P. School,asd,https://voters.eci.gov.in/eroll/asd/2025/s25/1/uncollectable_elector_report_ac1_part162.pdf,data\raw\ceowestbengal\asd_sir\asd\1_coochbehar\001_mekliganj\uncollectable_elector_report_ac1_part162.pdf,downloaded,
1,COOCHBEHAR,1,Mekliganj,163,Dewanganj Fifth Plan Primary School,asd,https://voters.eci.gov.in/eroll/asd/2025/s25/1/uncollectable_elector_report_ac1_part163.pdf,data\raw\ceowestbengal\asd_sir\asd\1_coochbehar\001_mekliganj\uncollectable_elector_report_ac1_part163.pdf,downloaded,
1,COOCHBEHAR,1,Mekliganj,158,Khasbos Bajejama Aided Primary School,mom,https://voters.eci.gov.in/eroll/bloblamom/s25/1/bloblamom_a1p158.pdf,data\raw\ceowestbengal\asd_sir\mom\1_coochbehar\001_mekliganj\bloblamom_a1p158.pdf,downloaded,
1,COOCHBEHAR,1,Mekliganj,164,Samilabos Junior Basic School,asd,https://voters.eci.gov.in/eroll/asd/2025/s25/1/uncollectable_elector_report_ac1_part164.pdf,data\raw\ceowestbengal\asd_sir\asd\1_coochbehar\001_mekliganj\uncollectable_elector_report_ac1_part164.pdf,downloaded,
1,COOCHBEHAR,1,Mekliganj,159,19th Gyandas Paschim Fifth Plan Primary School,mom,https://voters.eci.gov.in/eroll/bloblamom/s25/1/bloblamom_a1p159.pdf,data\raw\ceowestbengal\asd_sir\mom\1_coochbehar\001_mekliganj\bloblamom_a1p159.pdf,downloaded,
1,COOCHBEHAR,1,Mekliganj,165,Paschim Hemkumari Aided Primary School,asd,https://voters.eci.gov.in/eroll/asd/2025/s25/1/uncollectable_elector_report_ac1_part165.pdf,data\raw\ceowestbengal\asd_sir\asd\1_coochbehar\001_mekliganj\uncollectable_elector_report_ac1_part165.pdf,downloaded,
1,COOCHBEHAR,1,Mekliganj,163,Dewanganj Fifth Plan Primary School,mom,https://voters.eci.gov.in/eroll/bloblamom/s25/1/bloblamom_a1p163.pdf,data\raw\ceowestbengal\asd_sir\mom\1_coochbehar\001_mekliganj\bloblamom_a1p163.pdf,downloaded,
1,COOCHBEHAR,1,Mekliganj,166,Dewanganj (Hazrapara) S. S. K.,asd,https://voters.eci.gov.in/eroll/asd/2025/s25/1/uncollectable_elector_report_ac1_part166.pdf,data\raw\ceowestbengal\asd_sir\asd\1_coochbehar\001_mekliganj\uncollectable_elector_report_ac1_part166.pdf,downloaded,
1,COOCHBEHAR,1,Mekliganj,162,Hudumdanga A. P. School,mom,https://voters.eci.gov.in/eroll/bloblamom/s25/1/bloblamom_a1p162.pdf,data\raw\ceowestbengal\asd_sir\mom\1_coochbehar\001_mekliganj\bloblamom_a1p162.pdf,downloaded,
1,COOCHBEHAR,1,Mekliganj,161,Vandanirhat S. S. K.,mom,https://voters.eci.gov.in/eroll/bloblamom/s25/1/bloblamom_a1p161.pdf,data\raw\ceowestbengal\asd_sir\mom\1_coochbehar\001_mekliganj\bloblamom_a1p161.pdf,downloaded,
1,COOCHBEHAR,1,Mekliganj,167,Hudumdanga Netaji A. P. School,asd,https://voters.eci.gov.in/eroll/asd/2025/s25/1/uncollectable_elector_report_ac1_part167.pdf,data\raw\ceowestbengal\asd_sir\asd\1_coochbehar\001_mekliganj\uncollectable_elector_report_ac1_part167.pdf,downloaded,
1,COOCHBEHAR,1,Mekliganj,164,Samilabos Junior Basic School,mom,https://voters.eci.gov.in/eroll/bloblamom/s25/1/bloblamom_a1p164.pdf,data\raw\ceowestbengal\asd_sir\mom\1_coochbehar\001_mekliganj\bloblamom_a1p164.pdf,downloaded,
1,COOCHBEHAR,1,Mekliganj,168,Vivekananda Vidyapith Fourth Plan Primary School,asd,https://voters.eci.gov.in/eroll/asd/2025/s25/1/uncollectable_elector_report_ac1_part168.pdf,data\raw\ceowestbengal\asd_sir\asd\1_coochbehar\001_mekliganj\uncollectable_elector_report_ac1_part168.pdf,downloaded,
1,COOCHBEHAR,1,Mekliganj,169,Burigram G. P. School,asd,https://voters.eci.gov.in/eroll/asd/2025/s25/1/uncollectable_elector_report_ac1_part169.pdf,data\raw\ceowestbengal\asd_sir\asd\1_coochbehar\001_mekliganj\uncollectable_elector_report_ac1_part169.pdf,downloaded,
1,COOCHBEHAR,1,Mekliganj,166,Dewanganj (Hazrapara) S. S. K.,mom,https://voters.eci.gov.in/eroll/bloblamom/s25/1/bloblamom_a1p166.pdf,data\raw\ceowestbengal\asd_sir\mom\1_coochbehar\001_mekliganj\bloblamom_a1p166.pdf,downloaded,
1,COOCHBEHAR,1,Mekliganj,170,Naltiapara Fourth Plan Primary School,asd,https://voters.eci.gov.in/eroll/asd/2025/s25/1/uncollectable_elector_report_ac1_part170.pdf,data\raw\ceowestbengal\asd_sir\asd\1_coochbehar\001_mekliganj\uncollectable_elector_report_ac1_part170.pdf,downloaded,
1,COOCHBEHAR,1,Mekliganj,160,Hasnahana Begum Pradhan Madrasa Sikkha Kendra,mom,https://voters.eci.gov.in/eroll/bloblamom/s25/1/bloblamom_a1p160.pdf,data\raw\ceowestbengal\asd_sir\mom\1_coochbehar\001_mekliganj\bloblamom_a1p160.pdf,downloaded,
1,COOCHBEHAR,1,Mekliganj,171,Daripattani Aided Primary School,asd,https://voters.eci.gov.in/eroll/asd/2025/s25/1/uncollectable_elector_report_ac1_part171.pdf,data\raw\ceowestbengal\asd_sir\asd\1_coochbehar\001_mekliganj\uncollectable_elector_report_ac1_part171.pdf,downloaded,
1,COOCHBEHAR,1,Mekliganj,171,Daripattani Aided Primary School,mom,https://voters.eci.gov.in/eroll/bloblamom/s25/1/bloblamom_a1p171.pdf,data\raw\ceowestbengal\asd_sir\mom\1_coochbehar\001_mekliganj\bloblamom_a1p171.pdf,downloaded,
1,COOCHBEHAR,1,Mekliganj,172,65 No. Daripattani S. S. K.,asd,https://voters.eci.gov.in/eroll/asd/2025/s25/1/uncollectable_elector_report_ac1_part172.pdf,data\raw\ceowestbengal\asd_sir\asd\1_coochbehar\001_mekliganj\uncollectable_elector_report_ac1_part172.pdf,downloaded,
1,COOCHBEHAR,1,Mekliganj,170,Naltiapara Fourth Plan Primary School,mom,https://voters.eci.gov.in/eroll/bloblamom/s25/1/bloblamom_a1p170.pdf,data\raw\ceowestbengal\asd_sir\mom\1_coochbehar\001_mekliganj\bloblamom_a1p170.pdf,downloaded,
1,COOCHBEHAR,1,Mekliganj,173,Parmekhliganj S. C. Primary School,asd,https://voters.eci.gov.in/eroll/asd/2025/s25/1/uncollectable_elector_report_ac1_part173.pdf,data\raw\ceowestbengal\asd_sir\asd\1_coochbehar\001_mekliganj\uncollectable_elector_report_ac1_part173.pdf,downloaded,
1,COOCHBEHAR,1,Mekliganj,165,Paschim Hemkumari Aided Primary School,mom,https://voters.eci.gov.in/eroll/bloblamom/s25/1/bloblamom_a1p165.pdf,data\raw\ceowestbengal\asd_sir\mom\1_coochbehar\001_mekliganj\bloblamom_a1p165.pdf,downloaded,
1,COOCHBEHAR,1,Mekliganj,174,Galenger Hat Govt. Primary School,asd,https://voters.eci.gov.in/eroll/asd/2025/s25/1/uncollectable_elector_report_ac1_part174.pdf,data\raw\ceowestbengal\asd_sir\asd\1_coochbehar\001_mekliganj\uncollectable_elector_report_ac1_part174.pdf,downloaded,
1,COOCHBEHAR,1,Mekliganj,167,Hudumdanga Netaji A. P. School,mom,https://voters.eci.gov.in/eroll/bloblamom/s25/1/bloblamom_a1p167.pdf,data\raw\ceowestbengal\asd_sir\mom\1_coochbehar\001_mekliganj\bloblamom_a1p167.pdf,downloaded,
1,COOCHBEHAR,1,Mekliganj,175,Sabuj Sangha Anganwadi Centre,asd,https://voters.eci.gov.in/eroll/asd/2025/s25/1/uncollectable_elector_report_ac1_part175.pdf,data\raw\ceowestbengal\asd_sir\asd\1_coochbehar\001_mekliganj\uncollectable_elector_report_ac1_part175.pdf,downloaded,
1,COOCHBEHAR,1,Mekliganj,168,Vivekananda Vidyapith Fourth Plan Primary School,mom,https://voters.eci.gov.in/eroll/bloblamom/s25/1/bloblamom_a1p168.pdf,data\raw\ceowestbengal\asd_sir\mom\1_coochbehar\001_mekliganj\bloblamom_a1p168.pdf,downloaded,
1,COOCHBEHAR,1,Mekliganj,176,Dewanganj High School,asd,https://voters.eci.gov.in/eroll/asd/2025/s25/1/uncollectable_elector_report_ac1_part176.pdf,data\raw\ceowestbengal\asd_sir\asd\1_coochbehar\001_mekliganj\uncollectable_elector_report_ac1_part176.pdf,downloaded,
1,COOCHBEHAR,1,Mekliganj,172,65 No. Daripattani S. S. K.,mom,https://voters.eci.gov.in/eroll/bloblamom/s25/1/bloblamom_a1p172.pdf,data\raw\ceowestbengal\asd_sir\mom\1_coochbehar\001_mekliganj\bloblamom_a1p172.pdf,downloaded,
1,COOCHBEHAR,1,Mekliganj,175,Sabuj Sangha Anganwadi Centre,mom,https://voters.eci.gov.in/eroll/bloblamom/s25/1/bloblamom_a1p175.pdf,data\raw\ceowestbengal\asd_sir\mom\1_coochbehar\001_mekliganj\bloblamom_a1p175.pdf,downloaded,
1,COOCHBEHAR,1,Mekliganj,177,Sahebganj Tanti Para Primary School,asd,https://voters.eci.gov.in/eroll/asd/2025/s25/1/uncollectable_elector_report_ac1_part177.pdf,data\raw\ceowestbengal\asd_sir\asd\1_coochbehar\001_mekliganj\uncollectable_elector_report_ac1_part177.pdf,downloaded,
1,COOCHBEHAR,1,Mekliganj,174,Galenger Hat Govt. Primary School,mom,https://voters.eci.gov.in/eroll/bloblamom/s25/1/bloblamom_a1p174.pdf,data\raw\ceowestbengal\asd_sir\mom\1_coochbehar\001_mekliganj\bloblamom_a1p174.pdf,downloaded,
1,COOCHBEHAR,1,Mekliganj,178,17 Jangalbos Fifth Plan Primary School,asd,https://voters.eci.gov.in/eroll/asd/2025/s25/1/uncollectable_elector_report_ac1_part178.pdf,data\raw\ceowestbengal\asd_sir\asd\1_coochbehar\001_mekliganj\uncollectable_elector_report_ac1_part178.pdf,downloaded,
1,COOCHBEHAR,1,Mekliganj,179,Kauwasuti I. C. D. S. Centre,asd,https://voters.eci.gov.in/eroll/asd/2025/s25/1/uncollectable_elector_report_ac1_part179.pdf,data\raw\ceowestbengal\asd_sir\asd\1_coochbehar\001_mekliganj\uncollectable_elector_report_ac1_part179.pdf,downloaded,
1,COOCHBEHAR,1,Mekliganj,173,Parmekhliganj S. C. Primary School,mom,https://voters.eci.gov.in/eroll/bloblamom/s25/1/bloblamom_a1p173.pdf,data\raw\ceowestbengal\asd_sir\mom\1_coochbehar\001_mekliganj\bloblamom_a1p173.pdf,downloaded,
1,COOCHBEHAR,1,Mekliganj,180,39 Niztaraf S. S. K,asd,https://voters.eci.gov.in/eroll/asd/2025/s25/1/uncollectable_elector_report_ac1_part180.pdf,data\raw\ceowestbengal\asd_sir\asd\1_coochbehar\001_mekliganj\uncollectable_elector_report_ac1_part180.pdf,downloaded,
1,COOCHBEHAR,1,Mekliganj,169,Burigram G. P. School,mom,https://voters.eci.gov.in/eroll/bloblamom/s25/1/bloblamom_a1p169.pdf,data\raw\ceowestbengal\asd_sir\mom\1_coochbehar\001_mekliganj\bloblamom_a1p169.pdf,downloaded,
1,COOCHBEHAR,1,Mekliganj,178,17 Jangalbos Fifth Plan Primary School,mom,https://voters.eci.gov.in/eroll/bloblamom/s25/1/bloblamom_a1p178.pdf,data\raw\ceowestbengal\asd_sir\mom\1_coochbehar\001_mekliganj\bloblamom_a1p178.pdf,downloaded,
1,COOCHBEHAR,1,Mekliganj,179,Kauwasuti I. C. D. S. Centre,mom,https://voters.eci.gov.in/eroll/bloblamom/s25/1/bloblamom_a1p179.pdf,data\raw\ceowestbengal\asd_sir\mom\1_coochbehar\001_mekliganj\bloblamom_a1p179.pdf,downloaded,
1,COOCHBEHAR,1,Mekliganj,181,Bajejama A. P. School,asd,https://voters.eci.gov.in/eroll/asd/2025/s25/1/uncollectable_elector_report_ac1_part181.pdf,data\raw\ceowestbengal\asd_sir\asd\1_coochbehar\001_mekliganj\uncollectable_elector_report_ac1_part181.pdf,downloaded,
1,COOCHBEHAR,1,Mekliganj,182,Singha Para Special Cadre Primary School,asd,https://voters.eci.gov.in/eroll/asd/2025/s25/1/uncollectable_elector_report_ac1_part182.pdf,data\raw\ceowestbengal\asd_sir\asd\1_coochbehar\001_mekliganj\uncollectable_elector_report_ac1_part182.pdf,downloaded,
1,COOCHBEHAR,1,Mekliganj,183,Teesta Payasti A. P. School,asd,https://voters.eci.gov.in/eroll/asd/2025/s25/1/uncollectable_elector_report_ac1_part183.pdf,data\raw\ceowestbengal\asd_sir\asd\1_coochbehar\001_mekliganj\uncollectable_elector_report_ac1_part183.pdf,downloaded,
1,COOCHBEHAR,1,Mekliganj,177,Sahebganj Tanti Para Primary School,mom,https://voters.eci.gov.in/eroll/bloblamom/s25/1/bloblamom_a1p177.pdf,data\raw\ceowestbengal\asd_sir\mom\1_coochbehar\001_mekliganj\bloblamom_a1p177.pdf,downloaded,
1,COOCHBEHAR,1,Mekliganj,180,39 Niztaraf S. S. K,mom,https://voters.eci.gov.in/eroll/bloblamom/s25/1/bloblamom_a1p180.pdf,data\raw\ceowestbengal\asd_sir\mom\1_coochbehar\001_mekliganj\bloblamom_a1p180.pdf,downloaded,
1,COOCHBEHAR,1,Mekliganj,184,Harijon A. P. School,asd,https://voters.eci.gov.in/eroll/asd/2025/s25/1/uncollectable_elector_report_ac1_part184.pdf,data\raw\ceowestbengal\asd_sir\asd\1_coochbehar\001_mekliganj\uncollectable_elector_report_ac1_part184.pdf,downloaded,
1,COOCHBEHAR,1,Mekliganj,185,Singha Para Special Cadre Primary School,asd,https://voters.eci.gov.in/eroll/asd/2025/s25/1/uncollectable_elector_report_ac1_part185.pdf,data\raw\ceowestbengal\asd_sir\asd\1_coochbehar\001_mekliganj\uncollectable_elector_report_ac1_part185.pdf,downloaded,
1,COOCHBEHAR,1,Mekliganj,176,Dewanganj High School,mom,https://voters.eci.gov.in/eroll/bloblamom/s25/1/bloblamom_a1p176.pdf,data\raw\ceowestbengal\asd_sir\mom\1_coochbehar\001_mekliganj\bloblamom_a1p176.pdf,downloaded,
1,COOCHBEHAR,1,Mekliganj,186,Uttarpara Kalipara Fifth Plan Primary School,asd,https://voters.eci.gov.in/eroll/asd/2025/s25/1/uncollectable_elector_report_ac1_part186.pdf,data\raw\ceowestbengal\asd_sir\asd\1_coochbehar\001_mekliganj\uncollectable_elector_report_ac1_part186.pdf,downloaded,
1,COOCHBEHAR,1,Mekliganj,184,Harijon A. P. School,mom,https://voters.eci.gov.in/eroll/bloblamom/s25/1/bloblamom_a1p184.pdf,data\raw\ceowestbengal\asd_sir\mom\1_coochbehar\001_mekliganj\bloblamom_a1p184.pdf,downloaded,
1,COOCHBEHAR,1,Mekliganj,181,Bajejama A. P. School,mom,https://voters.eci.gov.in/eroll/bloblamom/s25/1/bloblamom_a1p181.pdf,data\raw\ceowestbengal\asd_sir\mom\1_coochbehar\001_mekliganj\bloblamom_a1p181.pdf,downloaded,
1,COOCHBEHAR,1,Mekliganj,187,Indira Girls High School,asd,https://voters.eci.gov.in/eroll/asd/2025/s25/1/uncollectable_elector_report_ac1_part187.pdf,data\raw\ceowestbengal\asd_sir\asd\1_coochbehar\001_mekliganj\uncollectable_elector_report_ac1_part187.pdf,downloaded,
1,COOCHBEHAR,1,Mekliganj,188,Mekhliganj Higher Secondary School,asd,https://voters.eci.gov.in/eroll/asd/2025/s25/1/uncollectable_elector_report_ac1_part188.pdf,data\raw\ceowestbengal\asd_sir\asd\1_coochbehar\001_mekliganj\uncollectable_elector_report_ac1_part188.pdf,downloaded,
1,COOCHBEHAR,1,Mekliganj,183,Teesta Payasti A. P. School,mom,https://voters.eci.gov.in/eroll/bloblamom/s25/1/bloblamom_a1p183.pdf,data\raw\ceowestbengal\asd_sir\mom\1_coochbehar\001_mekliganj\bloblamom_a1p183.pdf,downloaded,
1,COOCHBEHAR,1,Mekliganj,189,Hindi A. P. School,asd,https://voters.eci.gov.in/eroll/asd/2025/s25/1/uncollectable_elector_report_ac1_part189.pdf,data\raw\ceowestbengal\asd_sir\asd\1_coochbehar\001_mekliganj\uncollectable_elector_report_ac1_part189.pdf,downloaded,
1,COOCHBEHAR,1,Mekliganj,189,Hindi A. P. School,mom,https://voters.eci.gov.in/eroll/bloblamom/s25/1/bloblamom_a1p189.pdf,data\raw\ceowestbengal\asd_sir\mom\1_coochbehar\001_mekliganj\bloblamom_a1p189.pdf,downloaded,
1,COOCHBEHAR,1,Mekliganj,190,Swidish Mission Primary School,asd,https://voters.eci.gov.in/eroll/asd/2025/s25/1/uncollectable_elector_report_ac1_part190.pdf,data\raw\ceowestbengal\asd_sir\asd\1_coochbehar\001_mekliganj\uncollectable_elector_report_ac1_part190.pdf,downloaded,
1,COOCHBEHAR,1,Mekliganj,182,Singha Para Special Cadre Primary School,mom,https://voters.eci.gov.in/eroll/bloblamom/s25/1/bloblamom_a1p182.pdf,data\raw\ceowestbengal\asd_sir\mom\1_coochbehar\001_mekliganj\bloblamom_a1p182.pdf,downloaded,
1,COOCHBEHAR,1,Mekliganj,191,Fulkadabri 1 No. Aided Primary School,asd,https://voters.eci.gov.in/eroll/asd/2025/s25/1/uncollectable_elector_report_ac1_part191.pdf,data\raw\ceowestbengal\asd_sir\asd\1_coochbehar\001_mekliganj\uncollectable_elector_report_ac1_part191.pdf,downloaded,
1,COOCHBEHAR,1,Mekliganj,187,Indira Girls High School,mom,https://voters.eci.gov.in/eroll/bloblamom/s25/1/bloblamom_a1p187.pdf,data\raw\ceowestbengal\asd_sir\mom\1_coochbehar\001_mekliganj\bloblamom_a1p187.pdf,downloaded,
1,COOCHBEHAR,1,Mekliganj,192,Fulkadabri 1 No. Aided Primary School,asd,https://voters.eci.gov.in/eroll/asd/2025/s25/1/uncollectable_elector_report_ac1_part192.pdf,data\raw\ceowestbengal\asd_sir\asd\1_coochbehar\001_mekliganj\uncollectable_elector_report_ac1_part192.pdf,downloaded,
1,COOCHBEHAR,1,Mekliganj,188,Mekhliganj Higher Secondary School,mom,https://voters.eci.gov.in/eroll/bloblamom/s25/1/bloblamom_a1p188.pdf,data\raw\ceowestbengal\asd_sir\mom\1_coochbehar\001_mekliganj\bloblamom_a1p188.pdf,downloaded,
1,COOCHBEHAR,1,Mekliganj,193,Fulkadabri 2 No. Govt. Primary School,asd,https://voters.eci.gov.in/eroll/asd/2025/s25/1/uncollectable_elector_report_ac1_part193.pdf,data\raw\ceowestbengal\asd_sir\asd\1_coochbehar\001_mekliganj\uncollectable_elector_report_ac1_part193.pdf,downloaded,
1,COOCHBEHAR,1,Mekliganj,191,Fulkadabri 1 No. Aided Primary School,mom,https://voters.eci.gov.in/eroll/bloblamom/s25/1/bloblamom_a1p191.pdf,data\raw\ceowestbengal\asd_sir\mom\1_coochbehar\001_mekliganj\bloblamom_a1p191.pdf,downloaded,
1,COOCHBEHAR,1,Mekliganj,194,Fulkadabri 2 No. Govt. Primary School,asd,https://voters.eci.gov.in/eroll/asd/2025/s25/1/uncollectable_elector_report_ac1_part194.pdf,data\raw\ceowestbengal\asd_sir\asd\1_coochbehar\001_mekliganj\uncollectable_elector_report_ac1_part194.pdf,downloaded,
1,COOCHBEHAR,1,Mekliganj,186,Uttarpara Kalipara Fifth Plan Primary School,mom,https://voters.eci.gov.in/eroll/bloblamom/s25/1/bloblamom_a1p186.pdf,data\raw\ceowestbengal\asd_sir\mom\1_coochbehar\001_mekliganj\bloblamom_a1p186.pdf,downloaded,
1,COOCHBEHAR,1,Mekliganj,195,Fulkadabri Special Cadre Primary School,asd,https://voters.eci.gov.in/eroll/asd/2025/s25/1/uncollectable_elector_report_ac1_part195.pdf,data\raw\ceowestbengal\asd_sir\asd\1_coochbehar\001_mekliganj\uncollectable_elector_report_ac1_part195.pdf,downloaded,
1,COOCHBEHAR,1,Mekliganj,185,Singha Para Special Cadre Primary School,mom,https://voters.eci.gov.in/eroll/bloblamom/s25/1/bloblamom_a1p185.pdf,data\raw\ceowestbengal\asd_sir\mom\1_coochbehar\001_mekliganj\bloblamom_a1p185.pdf,downloaded,
1,COOCHBEHAR,1,Mekliganj,196,Andaran Kharkharia A. P. School,asd,https://voters.eci.gov.in/eroll/asd/2025/s25/1/uncollectable_elector_report_ac1_part196.pdf,data\raw\ceowestbengal\asd_sir\asd\1_coochbehar\001_mekliganj\uncollectable_elector_report_ac1_part196.pdf,downloaded,
1,COOCHBEHAR,1,Mekliganj,194,Fulkadabri 2 No. Govt. Primary School,mom,https://voters.eci.gov.in/eroll/bloblamom/s25/1/bloblamom_a1p194.pdf,data\raw\ceowestbengal\asd_sir\mom\1_coochbehar\001_mekliganj\bloblamom_a1p194.pdf,downloaded,
1,COOCHBEHAR,1,Mekliganj,197,Swidish Mission Primary School,asd,https://voters.eci.gov.in/eroll/asd/2025/s25/1/uncollectable_elector_report_ac1_part197.pdf,data\raw\ceowestbengal\asd_sir\asd\1_coochbehar\001_mekliganj\uncollectable_elector_report_ac1_part197.pdf,downloaded,
1,COOCHBEHAR,1,Mekliganj,192,Fulkadabri 1 No. Aided Primary School,mom,https://voters.eci.gov.in/eroll/bloblamom/s25/1/bloblamom_a1p192.pdf,data\raw\ceowestbengal\asd_sir\mom\1_coochbehar\001_mekliganj\bloblamom_a1p192.pdf,downloaded,
1,COOCHBEHAR,1,Mekliganj,198,Nalartari Fourth Plan Primary School,asd,https://voters.eci.gov.in/eroll/asd/2025/s25/1/uncollectable_elector_report_ac1_part198.pdf,data\raw\ceowestbengal\asd_sir\asd\1_coochbehar\001_mekliganj\uncollectable_elector_report_ac1_part198.pdf,downloaded,
1,COOCHBEHAR,1,Mekliganj,2,Tarun S. S. K,asd,https://voters.eci.gov.in/eroll/asd/2025/s25/1/uncollectable_elector_report_ac1_part2.pdf,data\raw\ceowestbengal\asd_sir\asd\1_coochbehar\001_mekliganj\uncollectable_elector_report_ac1_part2.pdf,dry-run,
1,COOCHBEHAR,1,Mekliganj,1,Chhat Dhulia Baldiahati Aided Primary School,asd,https://voters.eci.gov.in/eroll/asd/2025/s25/1/uncollectable_elector_report_ac1_part1.pdf,data\raw\ceowestbengal\asd_sir\asd\1_coochbehar\001_mekliganj\uncollectable_elector_report_ac1_part1.pdf,dry-run,
1,COOCHBEHAR,1,Mekliganj,3,142 Kamat Changrabandha Fifth Plan Primary School,asd,https://voters.eci.gov.in/eroll/asd/2025/s25/1/uncollectable_elector_report_ac1_part3.pdf,data\raw\ceowestbengal\asd_sir\asd\1_coochbehar\001_mekliganj\uncollectable_elector_report_ac1_part3.pdf,dry-run,
1,COOCHBEHAR,1,Mekliganj,5,Alokjhari High School,asd,https://voters.eci.gov.in/eroll/asd/2025/s25/1/uncollectable_elector_report_ac1_part5.pdf,data\raw\ceowestbengal\asd_sir\asd\1_coochbehar\001_mekliganj\uncollectable_elector_report_ac1_part5.pdf,dry-run,
1,COOCHBEHAR,1,Mekliganj,4,Vivekananda S. S. K,asd,https://voters.eci.gov.in/eroll/asd/2025/s25/1/uncollectable_elector_report_ac1_part4.pdf,data\raw\ceowestbengal\asd_sir\asd\1_coochbehar\001_mekliganj\uncollectable_elector_report_ac1_part4.pdf,dry-run,
1,COOCHBEHAR,1,Mekliganj,6,Alokjhari Netaji Primary School,asd,https://voters.eci.gov.in/eroll/asd/2025/s25/1/uncollectable_elector_report_ac1_part6.pdf,data\raw\ceowestbengal\asd_sir\asd\1_coochbehar\001_mekliganj\uncollectable_elector_report_ac1_part6.pdf,dry-run,
